{
  "preset": {
    "name": "SpicePantry",
    "description": "Universal spices and aromatics for everyday and advanced cooking."
  },
  "meta": {
    "created": "2025-12-07",
    "note": "Core spices and flavor carriers commonly available in mainstream supermarkets."
  },
  "table_of_contents": [
    "SPICE-001 – Salt",
    "SPICE-002 – Black pepper",
    "SPICE-003 – Sweet paprika",
    "SPICE-004 – Smoked paprika",
    "SPICE-005 – Curry powder",
    "SPICE-006 – Turmeric",
    "SPICE-007 – Cumin",
    "SPICE-008 – Coriander seed",
    "SPICE-009 – Garam Masala",
    "SPICE-010 – Pul Biber",
    "SPICE-011 – Cayenne pepper",
    "SPICE-012 – Ginger powder",
    "SPICE-013 – Garlic granules",
    "SPICE-014 – Onion granules",
    "SPICE-015 – Oregano",
    "SPICE-016 – Thyme",
    "SPICE-017 – Basil",
    "SPICE-018 – Rosemary",
    "SPICE-019 – Parsley",
    "SPICE-020 – Dill",
    "SPICE-021 – Sumac",
    "SPICE-022 – Lemon zest",
    "SPICE-023 – Orange zest",
    "SPICE-024 – Rose water",
    "SPICE-025 – Maple syrup",
    "SPICE-026 – Agave syrup",
    "SPICE-027 – Honey",
    "SPICE-028 – Nutritional yeast",
    "SPICE-029 – Soy sauce",
    "SPICE-030 – Miso paste"
  ],
  "products": [
    { "id": "SPICE-001", "name": "Salt", "category": "Basic" },
    { "id": "SPICE-002", "name": "Black pepper", "category": "Basic" },
    { "id": "SPICE-003", "name": "Sweet paprika", "category": "Basic" },
    { "id": "SPICE-004", "name": "Smoked paprika", "category": "Depth & Smoke" },
    { "id": "SPICE-005", "name": "Curry powder", "category": "Basic" },
    { "id": "SPICE-006", "name": "Turmeric", "category": "Warm & Earthy" },
    { "id": "SPICE-007", "name": "Cumin", "category": "Warm & Earthy" },
    { "id": "SPICE-008", "name": "Coriander seed", "category": "Warm & Earthy" },
    { "id": "SPICE-009", "name": "Garam Masala", "category": "Indian" },
    { "id": "SPICE-010", "name": "Pul Biber", "category": "Heat" },
    { "id": "SPICE-011", "name": "Cayenne pepper", "category": "Heat" },
    { "id": "SPICE-012", "name": "Ginger powder", "category": "Warm & Earthy" },
    { "id": "SPICE-013", "name": "Garlic granules", "category": "Basic" },
    { "id": "SPICE-014", "name": "Onion granules", "category": "Basic" },
    { "id": "SPICE-015", "name": "Oregano", "category": "Herbs" },
    { "id": "SPICE-016", "name": "Thyme", "category": "Herbs" },
    { "id": "SPICE-017", "name": "Basil", "category": "Herbs" },
    { "id": "SPICE-018", "name": "Rosemary", "category": "Herbs" },
    { "id": "SPICE-019", "name": "Parsley", "category": "Herbs" },
    { "id": "SPICE-020", "name": "Dill", "category": "Herbs" },
    { "id": "SPICE-021", "name": "Sumac", "category": "Acidity" },
    { "id": "SPICE-022", "name": "Lemon zest", "category": "Acidity" },
    { "id": "SPICE-023", "name": "Orange zest", "category": "Acidity" },
    { "id": "SPICE-024", "name": "Rose water", "category": "Aromatics" },
    { "id": "SPICE-025", "name": "Maple syrup", "category": "Sweetness" },
    { "id": "SPICE-026", "name": "Agave syrup", "category": "Sweetness" },
    { "id": "SPICE-027", "name": "Honey", "category": "Sweetness" },
    { "id": "SPICE-028", "name": "Nutritional yeast", "category": "Umami" },
    { "id": "SPICE-029", "name": "Soy sauce", "category": "Umami" },
    { "id": "SPICE-030", "name": "Miso paste", "category": "Umami" }
  ]
}

