{
  "preset": {
    "name": "GewuerzPantry",
    "beschreibung": "Universal einsetzbare Gewürze und Aromastoffe für Alltags- und Anspruchsküche."
  },
  "meta": {
    "created": "2025-12-07",
    "hinweis": "Grundgewürze und Aromaträger, die in deutschen Supermärkten realistisch erhältlich sind."
  },
  "inhaltsverzeichnis": [
    "SPICE-001 – Salz",
    "SPICE-002 – Schwarzer Pfeffer",
    "SPICE-003 – Paprika edelsüß",
    "SPICE-004 – Geräuchertes Paprikapulver",
    "SPICE-005 – Curry",
    "SPICE-006 – Kurkuma",
    "SPICE-007 – Kreuzkümmel (Cumin)",
    "SPICE-008 – Koriandersaat",
    "SPICE-009 – Garam Masala",
    "SPICE-010 – Pul Biber",
    "SPICE-011 – Cayennepfeffer",
    "SPICE-012 – Ingwer (gemahlen)",
    "SPICE-013 – Knoblauchgranulat",
    "SPICE-014 – Zwiebelgranulat",
    "SPICE-015 – Oregano",
    "SPICE-016 – Thymian",
    "SPICE-017 – Basilikum",
    "SPICE-018 – Rosmarin",
    "SPICE-019 – Petersilie (getrocknet)",
    "SPICE-020 – Dill (getrocknet)",
    "SPICE-021 – Sumach",
    "SPICE-022 – Zitronenabrieb (getrocknet)",
    "SPICE-023 – Orangenabrieb (getrocknet)",
    "SPICE-024 – Rosenwasser",
    "SPICE-025 – Ahornsirup",
    "SPICE-026 – Agavendicksaft",
    "SPICE-027 – Honig",
    "SPICE-028 – Hefeflocken",
    "SPICE-029 – Sojasauce",
    "SPICE-030 – Misopaste"
  ],
  "produkte": [
    { "id": "SPICE-001", "name": "Salz", "kategorie": "Basic" },
    { "id": "SPICE-002", "name": "Schwarzer Pfeffer", "kategorie": "Basic" },
    { "id": "SPICE-003", "name": "Paprika edelsüß", "kategorie": "Basic" },
    { "id": "SPICE-004", "name": "Geräuchertes Paprikapulver", "kategorie": "Tiefe & Rauch" },
    { "id": "SPICE-005", "name": "Curry", "kategorie": "Basic" },
    { "id": "SPICE-006", "name": "Kurkuma", "kategorie": "Warm & Erdigkeit" },
    { "id": "SPICE-007", "name": "Kreuzkümmel (Cumin)", "kategorie": "Warm & Erdigkeit" },
    { "id": "SPICE-008", "name": "Koriandersaat", "kategorie": "Warm & Erdigkeit" },
    { "id": "SPICE-009", "name": "Garam Masala", "kategorie": "Indisch" },
    { "id": "SPICE-010", "name": "Pul Biber", "kategorie": "Schärfe" },
    { "id": "SPICE-011", "name": "Cayennepfeffer", "kategorie": "Schärfe" },
    { "id": "SPICE-012", "name": "Ingwer (gemahlen)", "kategorie": "Warm & Erdigkeit" },
    { "id": "SPICE-013", "name": "Knoblauchgranulat", "kategorie": "Basic" },
    { "id": "SPICE-014", "name": "Zwiebelgranulat", "kategorie": "Basic" },
    { "id": "SPICE-015", "name": "Oregano", "kategorie": "Kräuter" },
    { "id": "SPICE-016", "name": "Thymian", "kategorie": "Kräuter" },
    { "id": "SPICE-017", "name": "Basilikum", "kategorie": "Kräuter" },
    { "id": "SPICE-018", "name": "Rosmarin", "kategorie": "Kräuter" },
    { "id": "SPICE-019", "name": "Petersilie", "kategorie": "Kräuter" },
    { "id": "SPICE-020", "name": "Dill", "kategorie": "Kräuter" },
    { "id": "SPICE-021", "name": "Sumach", "kategorie": "Säure" },
    { "id": "SPICE-022", "name": "Zitronenabrieb", "kategorie": "Säure" },
    { "id": "SPICE-023", "name": "Orangenabrieb", "kategorie": "Säure" },
    { "id": "SPICE-024", "name": "Rosenwasser", "kategorie": "Aromaten" },
    { "id": "SPICE-025", "name": "Ahornsirup", "kategorie": "Süße" },
    { "id": "SPICE-026", "name": "Agavendicksaft", "kategorie": "Süße" },
    { "id": "SPICE-027", "name": "Honig", "kategorie": "Süße" },
    { "id": "SPICE-028", "name": "Hefeflocken", "kategorie": "Umami" },
    { "id": "SPICE-029", "name": "Sojasauce", "kategorie": "Umami" },
    { "id": "SPICE-030", "name": "Misopaste", "kategorie": "Umami" }
  ]
}

