{
  "Seasonings": [
    {
      "id": "FOOD-020",
      "name": "Tomato paste",
      "category": "Seasonings",
      "nutrients": {
        "energy_kj": 397,
        "energy_kcal": 95,
        "fat_g": 0.5,
        "saturated_fatty_acids_g": 0.1,
        "carbs_g": 21.0,
        "sugar_g": 12.0,
        "fiber_g": 4.0,
        "protein_g": 4.0,
        "salt_g": 0.05
      }
    },
    {
      "id": "FOOD-021",
      "name": "Canned tomatoes",
      "category": "Seasonings",
      "nutrients": {
        "energy_kj": 71,
        "energy_kcal": 17,
        "fat_g": 0.2,
        "saturated_fatty_acids_g": 0.0,
        "carbs_g": 3.5,
        "sugar_g": 2.5,
        "fiber_g": 1.1,
        "protein_g": 0.8,
        "salt_g": 0.05
      }
    },
    {
      "id": "FOOD-022",
      "name": "Garlic",
      "category": "Seasonings",
      "nutrients": {
        "energy_kj": 581,
        "energy_kcal": 139,
        "fat_g": 0.5,
        "saturated_fatty_acids_g": 0.1,
        "carbs_g": 29.9,
        "sugar_g": 2.4,
        "fiber_g": 2.1,
        "protein_g": 6.4,
        "salt_g": 0.02
      }
    },
    {
      "id": "FOOD-023",
      "name": "Stock powder",
      "category": "Seasonings",
      "nutrients": {
        "energy_kj": 900,
        "energy_kcal": 215,
        "fat_g": 5.0,
        "saturated_fatty_acids_g": 2.0,
        "carbs_g": 35.0,
        "sugar_g": 6.0,
        "fiber_g": 2.0,
        "protein_g": 8.0,
        "salt_g": 50.0
      }
    },
    {
      "id": "FOOD-025",
      "name": "Soy sauce",
      "category": "Seasonings",
      "nutrients": {
        "energy_kj": 250,
        "energy_kcal": 60,
        "fat_g": 0.0,
        "saturated_fatty_acids_g": 0.0,
        "carbs_g": 6.0,
        "sugar_g": 1.0,
        "fiber_g": 0.5,
        "protein_g": 8.0,
        "salt_g": 14.0
      }
    },
    {
      "id": "FOOD-026",
      "name": "Curry powder",
      "category": "Seasonings",
      "nutrients": {
        "energy_kj": 1400,
        "energy_kcal": 330,
        "fat_g": 14.0,
        "saturated_fatty_acids_g": 2.0,
        "carbs_g": 58.0,
        "sugar_g": 2.5,
        "fiber_g": 33.0,
        "protein_g": 13.0,
        "salt_g": 0.08
      }
    },
    {
      "id": "FOOD-027",
      "name": "Sweet paprika",
      "category": "Seasonings",
      "nutrients": {
        "energy_kj": 1180,
        "energy_kcal": 282,
        "fat_g": 13.0,
        "saturated_fatty_acids_g": 2.0,
        "carbs_g": 54.0,
        "sugar_g": 10.0,
        "fiber_g": 35.0,
        "protein_g": 14.0,
        "salt_g": 0.02
      }
    },
    {
      "id": "FOOD-028",
      "name": "Chili powder",
      "category": "Seasonings",
      "nutrients": {
        "energy_kj": 1340,
        "energy_kcal": 321,
        "fat_g": 17.0,
        "saturated_fatty_acids_g": 3.3,
        "carbs_g": 49.0,
        "sugar_g": 7.0,
        "fiber_g": 34.0,
        "protein_g": 12.0,
        "salt_g": 0.05
      }
    },
    {
      "id": "FOOD-029",
      "name": "Nutritional yeast",
      "category": "Seasonings",
      "nutrients": {
        "energy_kj": 1470,
        "energy_kcal": 351,
        "fat_g": 6.0,
        "saturated_fatty_acids_g": 1.0,
        "carbs_g": 36.0,
        "sugar_g": 7.0,
        "fiber_g": 22.0,
        "protein_g": 48.0,
        "salt_g": 0.45
      }
    }
  ]
}