{
  "Legumes": [
    {
      "id": "FOOD-006",
      "name": "Red lentils, dry",
      "category": "Legumes",
      "nutrients": {
        "energy_kj": 1480,
        "energy_kcal": 353,
        "fat_g": 1.1,
        "saturated_fatty_acids_g": 0.2,
        "carbs_g": 52.0,
        "sugar_g": 2.0,
        "fiber_g": 11.0,
        "protein_g": 25.0,
        "salt_g": 0.02
      }
    },
    {
      "id": "FOOD-007",
      "name": "Yellow lentils, dry",
      "category": "Legumes",
      "nutrients": {
        "energy_kj": 1480,
        "energy_kcal": 353,
        "fat_g": 1.1,
        "saturated_fatty_acids_g": 0.2,
        "carbs_g": 52.0,
        "sugar_g": 2.0,
        "fiber_g": 11.0,
        "protein_g": 25.0,
        "salt_g": 0.02
      }
    },
    {
      "id": "FOOD-008",
      "name": "Chickpeas, dry",
      "category": "Legumes",
      "nutrients": {
        "energy_kj": 1540,
        "energy_kcal": 368,
        "fat_g": 6.0,
        "saturated_fatty_acids_g": 0.6,
        "carbs_g": 55.0,
        "sugar_g": 11.0,
        "fiber_g": 13.0,
        "protein_g": 19.0,
        "salt_g": 0.06
      }
    },
    {
      "id": "FOOD-009",
      "name": "Beans, dry",
      "category": "Legumes",
      "nutrients": {
        "energy_kj": 1400,
        "energy_kcal": 335,
        "fat_g": 1.2,
        "saturated_fatty_acids_g": 0.2,
        "carbs_g": 60.0,
        "sugar_g": 2.0,
        "fiber_g": 15.0,
        "protein_g": 22.0,
        "salt_g": 0.02
      }
    }
  ]
}