{
  "Animal Protein": [
    {
      "id": "FOOD-033",
      "name": "Eggs",
      "category": "Animal Protein",
      "optional": true,
      "nutrients": {
        "energy_kj": 547,
        "energy_kcal": 131,
        "fat_g": 9.0,
        "saturated_fatty_acids_g": 3.0,
        "carbs_g": 0.7,
        "sugar_g": 0.7,
        "fiber_g": 0.0,
        "protein_g": 12.5,
        "salt_g": 0.12
      }
    },
    {
      "id": "FOOD-034",
      "name": "Chicken breast fillet",
      "category": "Animal Protein",
      "optional": true,
      "nutrients": {
        "energy_kj": 440,
        "energy_kcal": 104,
        "fat_g": 1.5,
        "saturated_fatty_acids_g": 0.4,
        "carbs_g": 0.0,
        "sugar_g": 0.0,
        "fiber_g": 0.0,
        "protein_g": 22.0,
        "salt_g": 0.15
      }
    },
    {
      "id": "FOOD-035",
      "name": "Canned tuna",
      "category": "Animal Protein",
      "optional": true,
      "nutrients": {
        "energy_kj": 477,
        "energy_kcal": 114,
        "fat_g": 0.8,
        "saturated_fatty_acids_g": 0.2,
        "carbs_g": 0.0,
        "sugar_g": 0.0,
        "fiber_g": 0.0,
        "protein_g": 26.0,
        "salt_g": 1.0
      }
    }
  ]
}