{
  "meta_hinweis_oben": "WICHTIG: Am Ende der Datei steht der Marker [ENDE DER DATEI]. Wenn er nicht erscheint, ist die Datei unvollständig geladen.",
  "module": "nutritionOS",
  "submodule": "lebensmittel_kategorie",
  "version": "1.0",
  "schema": "lebensmittel_kategorie_v1",
  "meta": {
    "version": "1.0",
    "beschreibung": "Frisches und tiefgekühltes Obst.",
    "erstellt": "2025-12-07",
    "einheit": "pro 100 g oder pro 100 ml"
  },
  "produkte": [
    {
      "id": "OBS-001",
      "name": "Bananen",
      "alias": [],
      "hersteller": "",
      "naehrwerte": {
        "energie_kj": 370,
        "energie_kcal": 89,
        "fett_g": 0.3,
        "gesaettigte_fettsaeuren_g": 0.1,
        "kohlenhydrate_g": 23,
        "zucker_g": 12,
        "ballaststoffe_g": 2.6,
        "eiweiss_g": 1.1,
        "salz_g": 0
      },
      "portion": {
        "beschreibung": "",
        "energie_kj": null,
        "energie_kcal": null,
        "fett_g": null,
        "gesaettigte_fettsaeuren_g": null,
        "kohlenhydrate_g": null,
        "zucker_g": null,
        "ballaststoffe_g": null,
        "eiweiss_g": null,
        "salz_g": null
      },
      "vitamine": {},
      "mineralien": {},
      "quelle": "",
      "notizen": "Original-ID in BasisPantry52: FOOD-031"
    },
    {
      "id": "OBS-002",
      "name": "Äpfel",
      "alias": [],
      "hersteller": "",
      "naehrwerte": {
        "energie_kj": 220,
        "energie_kcal": 52,
        "fett_g": 0.2,
        "gesaettigte_fettsaeuren_g": 0,
        "kohlenhydrate_g": 14,
        "zucker_g": 10,
        "ballaststoffe_g": 2.4,
        "eiweiss_g": 0.3,
        "salz_g": 0
      },
      "portion": {
        "beschreibung": "",
        "energie_kj": null,
        "energie_kcal": null,
        "fett_g": null,
        "gesaettigte_fettsaeuren_g": null,
        "kohlenhydrate_g": null,
        "zucker_g": null,
        "ballaststoffe_g": null,
        "eiweiss_g": null,
        "salz_g": null
      },
      "vitamine": {},
      "mineralien": {},
      "quelle": "",
      "notizen": "Original-ID in BasisPantry52: FOOD-032"
    },
    {
      "id": "OBS-003",
      "name": "Zitronen",
      "alias": [],
      "hersteller": "",
      "naehrwerte": {
        "energie_kj": 120,
        "energie_kcal": 29,
        "fett_g": 0.3,
        "gesaettigte_fettsaeuren_g": 0,
        "kohlenhydrate_g": 9,
        "zucker_g": 2.5,
        "ballaststoffe_g": 2.8,
        "eiweiss_g": 1.1,
        "salz_g": 0
      },
      "portion": {
        "beschreibung": "",
        "energie_kj": null,
        "energie_kcal": null,
        "fett_g": null,
        "gesaettigte_fettsaeuren_g": null,
        "kohlenhydrate_g": null,
        "zucker_g": null,
        "ballaststoffe_g": null,
        "eiweiss_g": null,
        "salz_g": null
      },
      "vitamine": {},
      "mineralien": {},
      "quelle": "",
      "notizen": "Original-ID in BasisPantry52: FOOD-033"
    },
    {
      "id": "OBS-004",
      "name": "Orangen",
      "alias": [],
      "hersteller": "",
      "naehrwerte": {
        "energie_kj": 200,
        "energie_kcal": 47,
        "fett_g": 0.1,
        "gesaettigte_fettsaeuren_g": 0,
        "kohlenhydrate_g": 12,
        "zucker_g": 9,
        "ballaststoffe_g": 2.4,
        "eiweiss_g": 0.9,
        "salz_g": 0
      },
      "portion": {
        "beschreibung": "",
        "energie_kj": null,
        "energie_kcal": null,
        "fett_g": null,
        "gesaettigte_fettsaeuren_g": null,
        "kohlenhydrate_g": null,
        "zucker_g": null,
        "ballaststoffe_g": null,
        "eiweiss_g": null,
        "salz_g": null
      },
      "vitamine": {},
      "mineralien": {},
      "quelle": "",
      "notizen": "Original-ID in BasisPantry52: FOOD-034"
    },
    {
      "id": "OBS-005",
      "name": "TK-Beerenmischung",
      "alias": [
        "Beerenmix"
      ],
      "hersteller": "",
      "naehrwerte": {
        "energie_kj": 200,
        "energie_kcal": 48,
        "fett_g": 0.3,
        "gesaettigte_fettsaeuren_g": 0,
        "kohlenhydrate_g": 12,
        "zucker_g": 7,
        "ballaststoffe_g": 3,
        "eiweiss_g": 0.8,
        "salz_g": 0
      },
      "portion": {
        "beschreibung": "",
        "energie_kj": null,
        "energie_kcal": null,
        "fett_g": null,
        "gesaettigte_fettsaeuren_g": null,
        "kohlenhydrate_g": null,
        "zucker_g": null,
        "ballaststoffe_g": null,
        "eiweiss_g": null,
        "salz_g": null
      },
      "vitamine": {},
      "mineralien": {},
      "quelle": "",
      "notizen": "Original-ID in BasisPantry52: FOOD-035"
    }
  ],
  "[ENDE DER DATEI]": true
}