{
  "meta_hinweis_oben": "WICHTIG: Am Ende der Datei steht der Marker [ENDE DER DATEI]. Wenn er nicht erscheint, ist die Datei unvollständig geladen.",
  "module": "nutritionOS",
  "submodule": "lebensmittel_kategorie",
  "version": "1.0",
  "schema": "lebensmittel_kategorie_v1",
  "meta": {
    "version": "1.0",
    "beschreibung": "Datenbank für eine Lebensmittelkategorie (z. B. Nussmus, (Pflanzen-)Joghurt, (Pflanzen-)Milch, Shakes, Kohlenhydrate).",
    "erstellt": "TT-MM-JJJJ",
    "einheit": "pro 100 g oder pro 100 ml"
  },
  "produkte": [
    {
      "id": "XXX-001",
      "name": "Lebensmittelname",
      "alias": [
        "Alternativbezeichnung 1",
        "Alternativbezeichnung 2"
      ],
      "hersteller": "Herstellername (optional)",
      "naehrwerte": {
        "energie_kj": null,
        "energie_kcal": null,
        "fett_g": null,
        "gesaettigte_fettsaeuren_g": null,
        "kohlenhydrate_g": null,
        "zucker_g": null,
        "ballaststoffe_g": null,
        "eiweiss_g": null,
        "salz_g": null
      },
      "portion": {
        "beschreibung": "z. B. 1 Stück, 1 Becher, 1 Portion (optional)",
        "energie_kj": null,
        "energie_kcal": null,
        "fett_g": null,
        "gesaettigte_fettsaeuren_g": null,
        "kohlenhydrate_g": null,
        "zucker_g": null,
        "ballaststoffe_g": null,
        "eiweiss_g": null,
        "salz_g": null
      },
      "vitamine": {
        "beispiel_vitamin_1": null
      },
      "mineralien": {
        "beispiel_mineral_1": null
      },
      "quelle": "z. B. Produktetikett, Hersteller-Website",
      "notizen": ""
    }
  ],
  "[ENDE DER DATEI]": true
}