{
  "meta_notice_top": "IMPORTANT: At the end of this file you will find the marker [END OF FILE]. If it is missing, the file was not fully loaded.",
  "module": "nutritionOS",
  "submodule": "food_category",
  "version": "1.0",
  "schema": "food_category_v1",
  "meta": {
    "version": "1.0",
    "description": "Nut and seed butters.",
    "created": "2025-12-07",
    "unit": "per 100 g or per 100 ml"
  },
  "products": [
    {
      "id": "NUT-001",
      "name": "Hazelnut butter, 100%",
      "alias": [],
      "manufacturer": "",
      "nutrients": {
        "energy_kj": 2700,
        "energy_kcal": 650,
        "fat_g": 60,
        "saturated_fatty_acids_g": 4.5,
        "carbs_g": 17,
        "sugar_g": 4,
        "fiber_g": 9,
        "protein_g": 15,
        "salt_g": 0
      },
      "portion": {
        "description": "",
        "energy_kj": null,
        "energy_kcal": null,
        "fat_g": null,
        "saturated_fatty_acids_g": null,
        "carbs_g": null,
        "sugar_g": null,
        "fiber_g": null,
        "protein_g": null,
        "salt_g": null
      },
      "vitamins": {},
      "minerals": {},
      "source": "standard estimate",
      "notes": "Original ID in BasePantry52: FOOD-039"
    },
    {
      "id": "NUT-002",
      "name": "Tahini (sesame paste)",
      "alias": [
        "sesame paste"
      ],
      "manufacturer": "",
      "nutrients": {
        "energy_kj": 2500,
        "energy_kcal": 595,
        "fat_g": 53,
        "saturated_fatty_acids_g": 8,
        "carbs_g": 11,
        "sugar_g": 1,
        "fiber_g": 9,
        "protein_g": 18,
        "salt_g": 0
      },
      "portion": {
        "description": "",
        "energy_kj": null,
        "energy_kcal": null,
        "fat_g": null,
        "saturated_fatty_acids_g": null,
        "carbs_g": null,
        "sugar_g": null,
        "fiber_g": null,
        "protein_g": null,
        "salt_g": null
      },
      "vitamins": {},
      "minerals": {},
      "source": "standard estimate",
      "notes": "Original ID in BasePantry52: FOOD-040"
    },
    {
      "id": "NUT-003",
      "name": "Peanut butter, 100%",
      "alias": [],
      "manufacturer": "",
      "nutrients": {
        "energy_kj": 2600,
        "energy_kcal": 630,
        "fat_g": 52,
        "saturated_fatty_acids_g": 7,
        "carbs_g": 12,
        "sugar_g": 4,
        "fiber_g": 8,
        "protein_g": 24,
        "salt_g": 0
      },
      "portion": {
        "description": "",
        "energy_kj": null,
        "energy_kcal": null,
        "fat_g": null,
        "saturated_fatty_acids_g": null,
        "carbs_g": null,
        "sugar_g": null,
        "fiber_g": null,
        "protein_g": null,
        "salt_g": null
      },
      "vitamins": {},
      "minerals": {},
      "source": "standard estimate",
      "notes": "Original ID in BasePantry52: FOOD-041"
    }
  ],
  "[END OF FILE]": true
}