{
  "meta_notice_top": "IMPORTANT: At the end of this file you will find the marker [END OF FILE]. If it is missing, the file was not fully loaded.",
  "module": "nutritionOS",
  "submodule": "food_category",
  "version": "1.0",
  "schema": "food_category_v1",
  "meta": {
    "version": "1.0",
    "description": "Fresh and frozen vegetables.",
    "created": "2025-12-07",
    "unit": "per 100 g or per 100 ml"
  },
  "products": [
    {
      "id": "VEG-001",
      "name": "Potatoes, waxy, raw",
      "alias": [],
      "manufacturer": "",
      "nutrients": {
        "energy_kj": 315,
        "energy_kcal": 75,
        "fat_g": 0.1,
        "saturated_fatty_acids_g": 0,
        "carbs_g": 17,
        "sugar_g": 1,
        "fiber_g": 2,
        "protein_g": 2,
        "salt_g": 0
      },
      "portion": {
        "description": "",
        "energy_kj": null,
        "energy_kcal": null,
        "fat_g": null,
        "saturated_fatty_acids_g": null,
        "carbs_g": null,
        "sugar_g": null,
        "fiber_g": null,
        "protein_g": null,
        "salt_g": null
      },
      "vitamins": {},
      "minerals": {},
      "source": "standard estimate",
      "notes": "Original ID in BasePantry52: FOOD-009"
    },
    {
      "id": "VEG-002",
      "name": "Onions, yellow",
      "alias": [],
      "manufacturer": "",
      "nutrients": {
        "energy_kj": 160,
        "energy_kcal": 38,
        "fat_g": 0.1,
        "saturated_fatty_acids_g": 0,
        "carbs_g": 8.5,
        "sugar_g": 4.5,
        "fiber_g": 1.5,
        "protein_g": 1,
        "salt_g": 0
      },
      "portion": {
        "description": "",
        "energy_kj": null,
        "energy_kcal": null,
        "fat_g": null,
        "saturated_fatty_acids_g": null,
        "carbs_g": null,
        "sugar_g": null,
        "fiber_g": null,
        "protein_g": null,
        "salt_g": null
      },
      "vitamins": {},
      "minerals": {},
      "source": "standard estimate",
      "notes": "Original ID in BasePantry52: FOOD-017"
    },
    {
      "id": "VEG-003",
      "name": "Garlic",
      "alias": [],
      "manufacturer": "",
      "nutrients": {
        "energy_kj": 600,
        "energy_kcal": 143,
        "fat_g": 0.5,
        "saturated_fatty_acids_g": 0.1,
        "carbs_g": 28,
        "sugar_g": 1,
        "fiber_g": 2,
        "protein_g": 6,
        "salt_g": 0
      },
      "portion": {
        "description": "",
        "energy_kj": null,
        "energy_kcal": null,
        "fat_g": null,
        "saturated_fatty_acids_g": null,
        "carbs_g": null,
        "sugar_g": null,
        "fiber_g": null,
        "protein_g": null,
        "salt_g": null
      },
      "vitamins": {},
      "minerals": {},
      "source": "standard estimate",
      "notes": "Original ID in BasePantry52: FOOD-018"
    },
    {
      "id": "VEG-004",
      "name": "Carrots",
      "alias": [],
      "manufacturer": "",
      "nutrients": {
        "energy_kj": 170,
        "energy_kcal": 41,
        "fat_g": 0.2,
        "saturated_fatty_acids_g": 0,
        "carbs_g": 10,
        "sugar_g": 5,
        "fiber_g": 3,
        "protein_g": 0.9,
        "salt_g": 0
      },
      "portion": {
        "description": "",
        "energy_kj": null,
        "energy_kcal": null,
        "fat_g": null,
        "saturated_fatty_acids_g": null,
        "carbs_g": null,
        "sugar_g": null,
        "fiber_g": null,
        "protein_g": null,
        "salt_g": null
      },
      "vitamins": {},
      "minerals": {},
      "source": "standard estimate",
      "notes": "Original ID in BasePantry52: FOOD-019"
    },
    {
      "id": "VEG-005",
      "name": "Celery stalks",
      "alias": [
        "celery"
      ],
      "manufacturer": "",
      "nutrients": {
        "energy_kj": 65,
        "energy_kcal": 16,
        "fat_g": 0.2,
        "saturated_fatty_acids_g": 0,
        "carbs_g": 3,
        "sugar_g": 1.5,
        "fiber_g": 1.6,
        "protein_g": 0.7,
        "salt_g": 0.05
      },
      "portion": {
        "description": "",
        "energy_kj": null,
        "energy_kcal": null,
        "fat_g": null,
        "saturated_fatty_acids_g": null,
        "carbs_g": null,
        "sugar_g": null,
        "fiber_g": null,
        "protein_g": null,
        "salt_g": null
      },
      "vitamins": {},
      "minerals": {},
      "source": "standard estimate",
      "notes": "Original ID in BasePantry52: FOOD-020"
    },
    {
      "id": "VEG-006",
      "name": "Bell pepper, red",
      "alias": [],
      "manufacturer": "",
      "nutrients": {
        "energy_kj": 150,
        "energy_kcal": 37,
        "fat_g": 0.3,
        "saturated_fatty_acids_g": 0,
        "carbs_g": 7,
        "sugar_g": 5,
        "fiber_g": 2,
        "protein_g": 1,
        "salt_g": 0
      },
      "portion": {
        "description": "",
        "energy_kj": null,
        "energy_kcal": null,
        "fat_g": null,
        "saturated_fatty_acids_g": null,
        "carbs_g": null,
        "sugar_g": null,
        "fiber_g": null,
        "protein_g": null,
        "salt_g": null
      },
      "vitamins": {},
      "minerals": {},
      "source": "standard estimate",
      "notes": "Original ID in BasePantry52: FOOD-021"
    },
    {
      "id": "VEG-007",
      "name": "Zucchini",
      "alias": [],
      "manufacturer": "",
      "nutrients": {
        "energy_kj": 70,
        "energy_kcal": 17,
        "fat_g": 0.3,
        "saturated_fatty_acids_g": 0,
        "carbs_g": 3,
        "sugar_g": 2,
        "fiber_g": 1,
        "protein_g": 1.2,
        "salt_g": 0.01
      },
      "portion": {
        "description": "",
        "energy_kj": null,
        "energy_kcal": null,
        "fat_g": null,
        "saturated_fatty_acids_g": null,
        "carbs_g": null,
        "sugar_g": null,
        "fiber_g": null,
        "protein_g": null,
        "salt_g": null
      },
      "vitamins": {},
      "minerals": {},
      "source": "standard estimate",
      "notes": "Original ID in BasePantry52: FOOD-022"
    },
    {
      "id": "VEG-008",
      "name": "Broccoli",
      "alias": [],
      "manufacturer": "",
      "nutrients": {
        "energy_kj": 140,
        "energy_kcal": 34,
        "fat_g": 0.4,
        "saturated_fatty_acids_g": 0,
        "carbs_g": 7,
        "sugar_g": 1.7,
        "fiber_g": 3,
        "protein_g": 3,
        "salt_g": 0.02
      },
      "portion": {
        "description": "",
        "energy_kj": null,
        "energy_kcal": null,
        "fat_g": null,
        "saturated_fatty_acids_g": null,
        "carbs_g": null,
        "sugar_g": null,
        "fiber_g": null,
        "protein_g": null,
        "salt_g": null
      },
      "vitamins": {},
      "minerals": {},
      "source": "standard estimate",
      "notes": "Original ID in BasePantry52: FOOD-023"
    },
    {
      "id": "VEG-009",
      "name": "Leek",
      "alias": [],
      "manufacturer": "",
      "nutrients": {
        "energy_kj": 115,
        "energy_kcal": 28,
        "fat_g": 0.3,
        "saturated_fatty_acids_g": 0,
        "carbs_g": 7,
        "sugar_g": 3,
        "fiber_g": 2,
        "protein_g": 1,
        "salt_g": 0.02
      },
      "portion": {
        "description": "",
        "energy_kj": null,
        "energy_kcal": null,
        "fat_g": null,
        "saturated_fatty_acids_g": null,
        "carbs_g": null,
        "sugar_g": null,
        "fiber_g": null,
        "protein_g": null,
        "salt_g": null
      },
      "vitamins": {},
      "minerals": {},
      "source": "standard estimate",
      "notes": "Original ID in BasePantry52: FOOD-024"
    },
    {
      "id": "VEG-010",
      "name": "Tomatoes, fresh",
      "alias": [],
      "manufacturer": "",
      "nutrients": {
        "energy_kj": 75,
        "energy_kcal": 18,
        "fat_g": 0.2,
        "saturated_fatty_acids_g": 0,
        "carbs_g": 3,
        "sugar_g": 2.6,
        "fiber_g": 1,
        "protein_g": 0.9,
        "salt_g": 0.01
      },
      "portion": {
        "description": "",
        "energy_kj": null,
        "energy_kcal": null,
        "fat_g": null,
        "saturated_fatty_acids_g": null,
        "carbs_g": null,
        "sugar_g": null,
        "fiber_g": null,
        "protein_g": null,
        "salt_g": null
      },
      "vitamins": {},
      "minerals": {},
      "source": "standard estimate",
      "notes": "Original ID in BasePantry52: FOOD-025"
    },
    {
      "id": "VEG-011",
      "name": "Tomatoes, chopped, canned",
      "alias": [
        "canned tomatoes"
      ],
      "manufacturer": "",
      "nutrients": {
        "energy_kj": 85,
        "energy_kcal": 20,
        "fat_g": 0.2,
        "saturated_fatty_acids_g": 0,
        "carbs_g": 3.5,
        "sugar_g": 3,
        "fiber_g": 1,
        "protein_g": 1,
        "salt_g": 0.1
      },
      "portion": {
        "description": "",
        "energy_kj": null,
        "energy_kcal": null,
        "fat_g": null,
        "saturated_fatty_acids_g": null,
        "carbs_g": null,
        "sugar_g": null,
        "fiber_g": null,
        "protein_g": null,
        "salt_g": null
      },
      "vitamins": {},
      "minerals": {},
      "source": "standard estimate",
      "notes": "Original ID in BasePantry52: FOOD-026"
    },
    {
      "id": "VEG-012",
      "name": "Spinach, frozen, chopped",
      "alias": [],
      "manufacturer": "",
      "nutrients": {
        "energy_kj": 90,
        "energy_kcal": 22,
        "fat_g": 0.4,
        "saturated_fatty_acids_g": 0.1,
        "carbs_g": 1,
        "sugar_g": 0.5,
        "fiber_g": 2,
        "protein_g": 3,
        "salt_g": 0.1
      },
      "portion": {
        "description": "",
        "energy_kj": null,
        "energy_kcal": null,
        "fat_g": null,
        "saturated_fatty_acids_g": null,
        "carbs_g": null,
        "sugar_g": null,
        "fiber_g": null,
        "protein_g": null,
        "salt_g": null
      },
      "vitamins": {},
      "minerals": {},
      "source": "standard estimate",
      "notes": "Original ID in BasePantry52: FOOD-027"
    },
    {
      "id": "VEG-013",
      "name": "Peas, frozen",
      "alias": [],
      "manufacturer": "",
      "nutrients": {
        "energy_kj": 320,
        "energy_kcal": 76,
        "fat_g": 0.5,
        "saturated_fatty_acids_g": 0,
        "carbs_g": 13,
        "sugar_g": 5,
        "fiber_g": 5,
        "protein_g": 5,
        "salt_g": 0.01
      },
      "portion": {
        "description": "",
        "energy_kj": null,
        "energy_kcal": null,
        "fat_g": null,
        "saturated_fatty_acids_g": null,
        "carbs_g": null,
        "sugar_g": null,
        "fiber_g": null,
        "protein_g": null,
        "salt_g": null
      },
      "vitamins": {},
      "minerals": {},
      "source": "standard estimate",
      "notes": "Original ID in BasePantry52: FOOD-028"
    },
    {
      "id": "VEG-014",
      "name": "Arugula / rocket",
      "alias": [],
      "manufacturer": "",
      "nutrients": {
        "energy_kj": 105,
        "energy_kcal": 25,
        "fat_g": 0.7,
        "saturated_fatty_acids_g": 0.1,
        "carbs_g": 2,
        "sugar_g": 2,
        "fiber_g": 1.6,
        "protein_g": 2.5,
        "salt_g": 0.03
      },
      "portion": {
        "description": "",
        "energy_kj": null,
        "energy_kcal": null,
        "fat_g": null,
        "saturated_fatty_acids_g": null,
        "carbs_g": null,
        "sugar_g": null,
        "fiber_g": null,
        "protein_g": null,
        "salt_g": null
      },
      "vitamins": {},
      "minerals": {},
      "source": "standard estimate",
      "notes": "Original ID in BasePantry52: FOOD-029"
    },
    {
      "id": "VEG-015",
      "name": "Mixed leafy salad",
      "alias": [],
      "manufacturer": "",
      "nutrients": {
        "energy_kj": 60,
        "energy_kcal": 14,
        "fat_g": 0.2,
        "saturated_fatty_acids_g": 0,
        "carbs_g": 2,
        "sugar_g": 0.8,
        "fiber_g": 1,
        "protein_g": 1.2,
        "salt_g": 0.02
      },
      "portion": {
        "description": "",
        "energy_kj": null,
        "energy_kcal": null,
        "fat_g": null,
        "saturated_fatty_acids_g": null,
        "carbs_g": null,
        "sugar_g": null,
        "fiber_g": null,
        "protein_g": null,
        "salt_g": null
      },
      "vitamins": {},
      "minerals": {},
      "source": "standard estimate",
      "notes": "Original ID in BasePantry52: FOOD-030"
    }
  ],
  "[END OF FILE]": true
}