{
  "Huelsenfruechte": [
    {
      "id": "FOOD-006",
      "name": "Rote Linsen, trocken",
      "kategorie": "Huelsenfruechte",
      "naehrwerte": {
        "energie_kj": 1480,
        "energie_kcal": 353,
        "fett_g": 1.1,
        "gesaettigte_fettsaeuren_g": 0.2,
        "kohlenhydrate_g": 52.0,
        "zucker_g": 2.0,
        "ballaststoffe_g": 11.0,
        "eiweiss_g": 25.0,
        "salz_g": 0.02
      }
    },
    {
      "id": "FOOD-007",
      "name": "Gelbe Linsen, trocken",
      "kategorie": "Huelsenfruechte",
      "naehrwerte": {
        "energie_kj": 1480,
        "energie_kcal": 353,
        "fett_g": 1.1,
        "gesaettigte_fettsaeuren_g": 0.2,
        "kohlenhydrate_g": 52.0,
        "zucker_g": 2.0,
        "ballaststoffe_g": 11.0,
        "eiweiss_g": 25.0,
        "salz_g": 0.02
      }
    },
    {
      "id": "FOOD-008",
      "name": "Kichererbsen, trocken",
      "kategorie": "Huelsenfruechte",
      "naehrwerte": {
        "energie_kj": 1540,
        "energie_kcal": 368,
        "fett_g": 6.0,
        "gesaettigte_fettsaeuren_g": 0.6,
        "kohlenhydrate_g": 55.0,
        "zucker_g": 11.0,
        "ballaststoffe_g": 13.0,
        "eiweiss_g": 19.0,
        "salz_g": 0.06
      }
    },
    {
      "id": "FOOD-009",
      "name": "Bohnen, trocken",
      "kategorie": "Huelsenfruechte",
      "naehrwerte": {
        "energie_kj": 1400,
        "energie_kcal": 335,
        "fett_g": 1.2,
        "gesaettigte_fettsaeuren_g": 0.2,
        "kohlenhydrate_g": 60.0,
        "zucker_g": 2.0,
        "ballaststoffe_g": 15.0,
        "eiweiss_g": 22.0,
        "salz_g": 0.02
      }
    }
  ]
}