{
  "Proteinquelle": [
    {
      "id": "FOOD-011",
      "name": "Tofu natur",
      "kategorie": "Proteinquelle",
      "naehrwerte": {
        "energie_kj": 520,
        "energie_kcal": 124,
        "fett_g": 7.0,
        "gesaettigte_fettsaeuren_g": 1.2,
        "kohlenhydrate_g": 1.9,
        "zucker_g": 0.6,
        "ballaststoffe_g": 0.3,
        "eiweiss_g": 13.0,
        "salz_g": 0.01
      }
    },
    {
      "id": "FOOD-012",
      "name": "Sojagranulat",
      "kategorie": "Proteinquelle",
      "naehrwerte": {
        "energie_kj": 1450,
        "energie_kcal": 350,
        "fett_g": 7.0,
        "gesaettigte_fettsaeuren_g": 1.0,
        "kohlenhydrate_g": 18.0,
        "zucker_g": 8.0,
        "ballaststoffe_g": 15.0,
        "eiweiss_g": 50.0,
        "salz_g": 0.1
      }
    }
  ]
}