{
  "disclaimer": "# Hinweis für Nutzerinnen und Nutzer mit Zöliakie\n\nIch bin **weder Arzt noch Ernährungswissenschaftler** und gebe **keinerlei medizinischen Rat**.  \nDieses Preset ist **keine medizinische Empfehlung**, keine Therapieanleitung und **keine Garantie** für glutenfreie Sicherheit.\n\nDie hier aufgeführten Lebensmittel sind Kategorien, **von denen ich annehme**, dass sie typischerweise in glutenfreien – oder glutenfrei zertifizierten – Varianten erhältlich sind und sich grundsätzlich zur Ernährung bei Zöliakie eignen *könnten*.  \nIch **weiß jedoch nicht**, ob einzelne Produkte oder Chargen kontaminiert sind.  \nIch **garantiere nicht**, dass irgendetwas in dieser Liste sicher ist.\n\nProduktion, Transport und Verarbeitung können zu **Kreuzkontamination** führen, auch bei Lebensmitteln, die normalerweise glutenfrei sind.  \nSelbst glutenfrei **zertifizierte** Produkte können im Einzelfall verunreinigt sein.\n\n**Wer dieses Preset verwendet, tut dies ausschließlich in eigener Verantwortung.**  \nIch **rate niemandem**, die hier aufgeführten Lebensmittel ungeprüft zu verwenden.  \nBitte prüfen Sie **immer die Zutatenliste**, **immer die Herstellerangaben**, und verwenden Sie bei Zöliakie **nur ausdrücklich zertifizierte glutenfreie Produkte**, wenn dies erforderlich ist.\n\nDieses Preset dient ausschließlich als **orientierende Strukturhilfe** – nicht als Sicherheitsgarantie.\n",
  "preset": {
    "name": "ZoeliakieLowBudget",
    "beschreibung": "Zöliakie-Preset"
  },
  "meta": {
    "created": "2025-12-07",
    "naehrwert_basis": "Standardwerte, ca. pro 100 g"
  },
  "inhaltsverzeichnis": [
    "FOOD-001 – Reis",
    "FOOD-002 – Kartoffeln",
    "FOOD-003 – Maisgriess",
    "FOOD-004 – Rote Linsen",
    "FOOD-005 – Gelbe Linsen",
    "FOOD-006 – Kichererbsen",
    "FOOD-007 – Bohnen",
    "FOOD-008 – Karotten",
    "FOOD-009 – Zwiebeln",
    "FOOD-010 – Brokkoli (TK)",
    "FOOD-011 – Gemüsemix (TK)",
    "FOOD-012 – Äpfel",
    "FOOD-013 – Bananen",
    "FOOD-014 – Rapsöl",
    "FOOD-015 – Salz",
    "FOOD-016 – Pfeffer",
    "FOOD-017 – Paprika edelsüß",
    "FOOD-018 – Chilipulver",
    "FOOD-019 – Curry",
    "FOOD-020 – Knoblauch",
    "FOOD-021 – Tomatenmark",
    "FOOD-022 – Dosentomaten",
    "FOOD-023 – Haferflocken (glutenfrei zertifiziert)"
  ],
  "produkte": [
    {
      "id": "FOOD-001",
      "name": "Reis",
      "kategorie": "Saettigungsquellen",
      "requires_certification": false,
      "naehrwerte": {
        "energie_kj": 1480,
        "energie_kcal": 350,
        "fett_g": 0.4,
        "gesaettigte_fettsaeuren_g": 0.1,
        "kohlenhydrate_g": 78.0,
        "zucker_g": 0.1,
        "ballaststoffe_g": 1.0,
        "eiweiss_g": 7.0,
        "salz_g": 0.0
      }
    },
    {
      "id": "FOOD-002",
      "name": "Kartoffeln",
      "kategorie": "Saettigungsquellen",
      "requires_certification": false,
      "naehrwerte": {
        "energie_kj": 322,
        "energie_kcal": 77,
        "fett_g": 0.1,
        "gesaettigte_fettsaeuren_g": 0.0,
        "kohlenhydrate_g": 17.0,
        "zucker_g": 0.8,
        "ballaststoffe_g": 2.2,
        "eiweiss_g": 2.0,
        "salz_g": 0.01
      }
    },
    {
      "id": "FOOD-003",
      "name": "Maisgriess",
      "kategorie": "Saettigungsquellen",
      "requires_certification": false,
      "naehrwerte": {
        "energie_kj": 1480,
        "energie_kcal": 350,
        "fett_g": 1.0,
        "gesaettigte_fettsaeuren_g": 0.2,
        "kohlenhydrate_g": 75.0,
        "zucker_g": 0.6,
        "ballaststoffe_g": 3.0,
        "eiweiss_g": 8.5,
        "salz_g": 0.0
      }
    },
    {
      "id": "FOOD-004",
      "name": "Rote Linsen",
      "kategorie": "Proteinquellen",
      "requires_certification": false,
      "naehrwerte": {
        "energie_kj": 1480,
        "energie_kcal": 353,
        "fett_g": 1.1,
        "gesaettigte_fettsaeuren_g": 0.2,
        "kohlenhydrate_g": 52.0,
        "zucker_g": 2.0,
        "ballaststoffe_g": 11.0,
        "eiweiss_g": 25.0,
        "salz_g": 0.02
      }
    },
    {
      "id": "FOOD-005",
      "name": "Gelbe Linsen",
      "kategorie": "Proteinquellen",
      "requires_certification": false,
      "naehrwerte": {
        "energie_kj": 1480,
        "energie_kcal": 353,
        "fett_g": 1.1,
        "gesaettigte_fettsaeuren_g": 0.2,
        "kohlenhydrate_g": 52.0,
        "zucker_g": 2.0,
        "ballaststoffe_g": 11.0,
        "eiweiss_g": 25.0,
        "salz_g": 0.02
      }
    },
    {
      "id": "FOOD-006",
      "name": "Kichererbsen",
      "kategorie": "Proteinquellen",
      "requires_certification": false,
      "naehrwerte": {
        "energie_kj": 1540,
        "energie_kcal": 368,
        "fett_g": 6.0,
        "gesaettigte_fettsaeuren_g": 0.6,
        "kohlenhydrate_g": 55.0,
        "zucker_g": 11.0,
        "ballaststoffe_g": 13.0,
        "eiweiss_g": 19.0,
        "salz_g": 0.06
      }
    },
    {
      "id": "FOOD-007",
      "name": "Bohnen",
      "kategorie": "Proteinquellen",
      "requires_certification": false,
      "naehrwerte": {
        "energie_kj": 1400,
        "energie_kcal": 335,
        "fett_g": 1.2,
        "gesaettigte_fettsaeuren_g": 0.2,
        "kohlenhydrate_g": 60.0,
        "zucker_g": 2.0,
        "ballaststoffe_g": 15.0,
        "eiweiss_g": 22.0,
        "salz_g": 0.02
      }
    },
    {
      "id": "FOOD-008",
      "name": "Karotten",
      "kategorie": "Gemuese",
      "requires_certification": false,
      "naehrwerte": {
        "energie_kj": 170,
        "energie_kcal": 41,
        "fett_g": 0.2,
        "gesaettigte_fettsaeuren_g": 0.0,
        "kohlenhydrate_g": 10.0,
        "zucker_g": 4.7,
        "ballaststoffe_g": 2.8,
        "eiweiss_g": 0.9,
        "salz_g": 0.08
      }
    },
    {
      "id": "FOOD-009",
      "name": "Zwiebeln",
      "kategorie": "Gemuese",
      "requires_certification": false,
      "naehrwerte": {
        "energie_kj": 166,
        "energie_kcal": 40,
        "fett_g": 0.1,
        "gesaettigte_fettsaeuren_g": 0.0,
        "kohlenhydrate_g": 9.3,
        "zucker_g": 4.2,
        "ballaststoffe_g": 1.7,
        "eiweiss_g": 1.1,
        "salz_g": 0.01
      }
    },
    {
      "id": "FOOD-010",
      "name": "Brokkoli (TK)",
      "kategorie": "Gemuese",
      "requires_certification": false,
      "naehrwerte": {
        "energie_kj": 141,
        "energie_kcal": 34,
        "fett_g": 0.4,
        "gesaettigte_fettsaeuren_g": 0.1,
        "kohlenhydrate_g": 7.0,
        "zucker_g": 1.7,
        "ballaststoffe_g": 3.0,
        "eiweiss_g": 3.0,
        "salz_g": 0.02
      }
    },
    {
      "id": "FOOD-011",
      "name": "Gemüsemix (TK)",
      "kategorie": "Gemuese",
      "requires_certification": false,
      "naehrwerte": {
        "energie_kj": 251,
        "energie_kcal": 60,
        "fett_g": 0.5,
        "gesaettigte_fettsaeuren_g": 0.1,
        "kohlenhydrate_g": 11.0,
        "zucker_g": 3.0,
        "ballaststoffe_g": 3.5,
        "eiweiss_g": 3.0,
        "salz_g": 0.05
      }
    },
    {
      "id": "FOOD-012",
      "name": "Äpfel",
      "kategorie": "Obst",
      "requires_certification": false,
      "naehrwerte": {
        "energie_kj": 218,
        "energie_kcal": 52,
        "fett_g": 0.2,
        "gesaettigte_fettsaeuren_g": 0.0,
        "kohlenhydrate_g": 14.0,
        "zucker_g": 10.0,
        "ballaststoffe_g": 2.4,
        "eiweiss_g": 0.3,
        "salz_g": 0.0
      }
    },
    {
      "id": "FOOD-013",
      "name": "Bananen",
      "kategorie": "Obst",
      "requires_certification": false,
      "naehrwerte": {
        "energie_kj": 371,
        "energie_kcal": 89,
        "fett_g": 0.3,
        "gesaettigte_fettsaeuren_g": 0.1,
        "kohlenhydrate_g": 23.0,
        "zucker_g": 12.0,
        "ballaststoffe_g": 2.6,
        "eiweiss_g": 1.1,
        "salz_g": 0.0
      }
    },
    {
      "id": "FOOD-014",
      "name": "Rapsöl",
      "kategorie": "Fette",
      "requires_certification": false,
      "naehrwerte": {
        "energie_kj": 3700,
        "energie_kcal": 884,
        "fett_g": 100.0,
        "gesaettigte_fettsaeuren_g": 7.0,
        "kohlenhydrate_g": 0.0,
        "zucker_g": 0.0,
        "ballaststoffe_g": 0.0,
        "eiweiss_g": 0.0,
        "salz_g": 0.0
      }
    },
    {
      "id": "FOOD-015",
      "name": "Salz",
      "kategorie": "Wuerzmittel",
      "requires_certification": false,
      "naehrwerte": {
        "energie_kj": 0,
        "energie_kcal": 0,
        "fett_g": 0.0,
        "gesaettigte_fettsaeuren_g": 0.0,
        "kohlenhydrate_g": 0.0,
        "zucker_g": 0.0,
        "ballaststoffe_g": 0.0,
        "eiweiss_g": 0.0,
        "salz_g": 100.0
      }
    },
    {
      "id": "FOOD-016",
      "name": "Pfeffer",
      "kategorie": "Wuerzmittel",
      "requires_certification": false,
      "naehrwerte": {
        "energie_kj": 1050,
        "energie_kcal": 251,
        "fett_g": 3.3,
        "gesaettigte_fettsaeuren_g": 1.4,
        "kohlenhydrate_g": 64.0,
        "zucker_g": 0.6,
        "ballaststoffe_g": 25.0,
        "eiweiss_g": 10.0,
        "salz_g": 0.02
      }
    },
    {
      "id": "FOOD-017",
      "name": "Paprika edelsüß",
      "kategorie": "Wuerzmittel",
      "requires_certification": false,
      "naehrwerte": {
        "energie_kj": 1180,
        "energie_kcal": 282,
        "fett_g": 13.0,
        "gesaettigte_fettsaeuren_g": 2.0,
        "kohlenhydrate_g": 54.0,
        "zucker_g": 10.0,
        "ballaststoffe_g": 35.0,
        "eiweiss_g": 14.0,
        "salz_g": 0.02
      }
    },
    {
      "id": "FOOD-018",
      "name": "Chilipulver",
      "kategorie": "Wuerzmittel",
      "requires_certification": false,
      "naehrwerte": {
        "energie_kj": 1340,
        "energie_kcal": 321,
        "fett_g": 17.0,
        "gesaettigte_fettsaeuren_g": 3.3,
        "kohlenhydrate_g": 49.0,
        "zucker_g": 7.0,
        "ballaststoffe_g": 34.0,
        "eiweiss_g": 12.0,
        "salz_g": 0.05
      }
    },
    {
      "id": "FOOD-019",
      "name": "Curry",
      "kategorie": "Wuerzmittel",
      "requires_certification": false,
      "naehrwerte": {
        "energie_kj": 1400,
        "energie_kcal": 330,
        "fett_g": 14.0,
        "gesaettigte_fettsaeuren_g": 2.0,
        "kohlenhydrate_g": 58.0,
        "zucker_g": 2.5,
        "ballaststoffe_g": 33.0,
        "eiweiss_g": 13.0,
        "salz_g": 0.08
      }
    },
    {
      "id": "FOOD-020",
      "name": "Knoblauch",
      "kategorie": "Wuerzmittel",
      "requires_certification": false,
      "naehrwerte": {
        "energie_kj": 581,
        "energie_kcal": 139,
        "fett_g": 0.5,
        "gesaettigte_fettsaeuren_g": 0.1,
        "kohlenhydrate_g": 29.9,
        "zucker_g": 2.4,
        "ballaststoffe_g": 2.1,
        "eiweiss_g": 6.4,
        "salz_g": 0.02
      }
    },
    {
      "id": "FOOD-021",
      "name": "Tomatenmark",
      "kategorie": "Wuerzmittel",
      "requires_certification": false,
      "naehrwerte": {
        "energie_kj": 397,
        "energie_kcal": 95,
        "fett_g": 0.5,
        "gesaettigte_fettsaeuren_g": 0.1,
        "kohlenhydrate_g": 21.0,
        "zucker_g": 12.0,
        "ballaststoffe_g": 4.0,
        "eiweiss_g": 4.0,
        "salz_g": 0.05
      }
    },
    {
      "id": "FOOD-022",
      "name": "Dosentomaten",
      "kategorie": "Wuerzmittel",
      "requires_certification": false,
      "naehrwerte": {
        "energie_kj": 71,
        "energie_kcal": 17,
        "fett_g": 0.2,
        "gesaettigte_fettsaeuren_g": 0.0,
        "kohlenhydrate_g": 3.5,
        "zucker_g": 2.5,
        "ballaststoffe_g": 1.1,
        "eiweiss_g": 0.8,
        "salz_g": 0.05
      }
    },
    {
      "id": "FOOD-023",
      "name": "Haferflocken (glutenfrei zertifiziert)",
      "kategorie": "Zertifizierung_noetig",
      "requires_certification": true,
      "naehrwerte": {
        "energie_kj": 1550,
        "energie_kcal": 370,
        "fett_g": 7.0,
        "gesaettigte_fettsaeuren_g": 1.3,
        "kohlenhydrate_g": 59.0,
        "zucker_g": 1.0,
        "ballaststoffe_g": 10.0,
        "eiweiss_g": 13.0,
        "salz_g": 0.01
      }
    }
  ]
}