{
  "Fruit": [
    {
      "id": "FOOD-017",
      "name": "Apples",
      "category": "Fruit",
      "requires_certification": false,
      "nutrients": {
        "energy_kj": 218,
        "energy_kcal": 52,
        "fat_g": 0.2,
        "saturated_fatty_acids_g": 0.0,
        "carbohydrates_g": 14.0,
        "sugar_g": 10.0,
        "fibre_g": 2.4,
        "protein_g": 0.3,
        "salt_g": 0.0
      }
    },
    {
      "id": "FOOD-018",
      "name": "Bananas",
      "category": "Fruit",
      "requires_certification": false,
      "nutrients": {
        "energy_kj": 371,
        "energy_kcal": 89,
        "fat_g": 0.3,
        "saturated_fatty_acids_g": 0.1,
        "carbohydrates_g": 23.0,
        "sugar_g": 12.0,
        "fibre_g": 2.6,
        "protein_g": 1.1,
        "salt_g": 0.0
      }
    }
  ]
}