{
  "Wuerzmittel": [
    {
      "id": "FOOD-021",
      "name": "Salz",
      "kategorie": "Wuerzmittel",
      "requires_certification": false,
      "naehrwerte": {
        "energie_kj": 0,
        "energie_kcal": 0,
        "fett_g": 0.0,
        "gesaettigte_fettsaeuren_g": 0.0,
        "kohlenhydrate_g": 0.0,
        "zucker_g": 0.0,
        "ballaststoffe_g": 0.0,
        "eiweiss_g": 0.0,
        "salz_g": 100.0
      }
    },
    {
      "id": "FOOD-022",
      "name": "Pfeffer",
      "kategorie": "Wuerzmittel",
      "requires_certification": false,
      "naehrwerte": {
        "energie_kj": 1050,
        "energie_kcal": 251,
        "fett_g": 3.3,
        "gesaettigte_fettsaeuren_g": 1.4,
        "kohlenhydrate_g": 64.0,
        "zucker_g": 0.6,
        "ballaststoffe_g": 25.0,
        "eiweiss_g": 10.0,
        "salz_g": 0.02
      }
    },
    {
      "id": "FOOD-023",
      "name": "Paprika edelsüß",
      "kategorie": "Wuerzmittel",
      "requires_certification": false,
      "naehrwerte": {
        "energie_kj": 1180,
        "energie_kcal": 282,
        "fett_g": 13.0,
        "gesaettigte_fettsaeuren_g": 2.0,
        "kohlenhydrate_g": 54.0,
        "zucker_g": 10.0,
        "ballaststoffe_g": 35.0,
        "eiweiss_g": 14.0,
        "salz_g": 0.02
      }
    },
    {
      "id": "FOOD-024",
      "name": "Chilipulver",
      "kategorie": "Wuerzmittel",
      "requires_certification": false,
      "naehrwerte": {
        "energie_kj": 1340,
        "energie_kcal": 321,
        "fett_g": 17.0,
        "gesaettigte_fettsaeuren_g": 3.3,
        "kohlenhydrate_g": 49.0,
        "zucker_g": 7.0,
        "ballaststoffe_g": 34.0,
        "eiweiss_g": 12.0,
        "salz_g": 0.05
      }
    },
    {
      "id": "FOOD-025",
      "name": "Curry",
      "kategorie": "Wuerzmittel",
      "requires_certification": false,
      "naehrwerte": {
        "energie_kj": 1400,
        "energie_kcal": 330,
        "fett_g": 14.0,
        "gesaettigte_fettsaeuren_g": 2.0,
        "kohlenhydrate_g": 58.0,
        "zucker_g": 2.5,
        "ballaststoffe_g": 33.0,
        "eiweiss_g": 13.0,
        "salz_g": 0.08
      }
    },
    {
      "id": "FOOD-026",
      "name": "Knoblauch",
      "kategorie": "Wuerzmittel",
      "requires_certification": false,
      "naehrwerte": {
        "energie_kj": 581,
        "energie_kcal": 139,
        "fett_g": 0.5,
        "gesaettigte_fettsaeuren_g": 0.1,
        "kohlenhydrate_g": 29.9,
        "zucker_g": 2.4,
        "ballaststoffe_g": 2.1,
        "eiweiss_g": 6.4,
        "salz_g": 0.02
      }
    },
    {
      "id": "FOOD-027",
      "name": "Tomatenmark",
      "kategorie": "Wuerzmittel",
      "requires_certification": false,
      "naehrwerte": {
        "energie_kj": 397,
        "energie_kcal": 95,
        "fett_g": 0.5,
        "gesaettigte_fettsaeuren_g": 0.1,
        "kohlenhydrate_g": 21.0,
        "zucker_g": 12.0,
        "ballaststoffe_g": 4.0,
        "eiweiss_g": 4.0,
        "salz_g": 0.05
      }
    },
    {
      "id": "FOOD-028",
      "name": "Dosentomaten",
      "kategorie": "Wuerzmittel",
      "requires_certification": false,
      "naehrwerte": {
        "energie_kj": 71,
        "energie_kcal": 17,
        "fett_g": 0.2,
        "gesaettigte_fettsaeuren_g": 0.0,
        "kohlenhydrate_g": 3.5,
        "zucker_g": 2.5,
        "ballaststoffe_g": 1.1,
        "eiweiss_g": 0.8,
        "salz_g": 0.05
      }
    },
    {
      "id": "FOOD-029",
      "name": "Hefeflocken",
      "kategorie": "Wuerzmittel",
      "requires_certification": false,
      "naehrwerte": {
        "energie_kj": 1470,
        "energie_kcal": 351,
        "fett_g": 6.0,
        "gesaettigte_fettsaeuren_g": 1.0,
        "kohlenhydrate_g": 36.0,
        "zucker_g": 7.0,
        "ballaststoffe_g": 22.0,
        "eiweiss_g": 48.0,
        "salz_g": 0.45
      }
    }
  ]
}