{
  "meta_hinweis_oben": "WICHTIG: Am Ende der Datei steht der Marker [ENDE DER DATEI]. Wenn er nicht erscheint, ist die Datei unvollständig geladen.",
  "module": "nutritionOS",
  "submodule": "lebensmittel_kategorie",
  "version": "1.0",
  "schema": "lebensmittel_kategorie_v1",
  "meta": {
    "version": "1.0",
    "beschreibung": "Würzmittel, Saucen und Brühen.",
    "erstellt": "2025-12-07",
    "einheit": "pro 100 g oder pro 100 ml"
  },
  "produkte": [
    {
      "id": "WUR-001",
      "name": "Sojasauce",
      "alias": [
        "Soja Sauce"
      ],
      "hersteller": "",
      "naehrwerte": {
        "energie_kj": 300,
        "energie_kcal": 72,
        "fett_g": 0,
        "gesaettigte_fettsaeuren_g": 0,
        "kohlenhydrate_g": 6,
        "zucker_g": 1,
        "ballaststoffe_g": 0,
        "eiweiss_g": 8,
        "salz_g": 14
      },
      "portion": {
        "beschreibung": "",
        "energie_kj": null,
        "energie_kcal": null,
        "fett_g": null,
        "gesaettigte_fettsaeuren_g": null,
        "kohlenhydrate_g": null,
        "zucker_g": null,
        "ballaststoffe_g": null,
        "eiweiss_g": null,
        "salz_g": null
      },
      "vitamine": {},
      "mineralien": {},
      "quelle": "",
      "notizen": "Original-ID in BasisPantry52: FOOD-047"
    },
    {
      "id": "WUR-002",
      "name": "Balsamicoessig",
      "alias": [],
      "hersteller": "",
      "naehrwerte": {
        "energie_kj": 350,
        "energie_kcal": 83,
        "fett_g": 0,
        "gesaettigte_fettsaeuren_g": 0,
        "kohlenhydrate_g": 17,
        "zucker_g": 15,
        "ballaststoffe_g": 0,
        "eiweiss_g": 0.5,
        "salz_g": 0.03
      },
      "portion": {
        "beschreibung": "",
        "energie_kj": null,
        "energie_kcal": null,
        "fett_g": null,
        "gesaettigte_fettsaeuren_g": null,
        "kohlenhydrate_g": null,
        "zucker_g": null,
        "ballaststoffe_g": null,
        "eiweiss_g": null,
        "salz_g": null
      },
      "vitamine": {},
      "mineralien": {},
      "quelle": "",
      "notizen": "Original-ID in BasisPantry52: FOOD-048"
    },
    {
      "id": "WUR-003",
      "name": "Tomatenmark, doppelt konzentriert",
      "alias": [],
      "hersteller": "",
      "naehrwerte": {
        "energie_kj": 350,
        "energie_kcal": 82,
        "fett_g": 0.5,
        "gesaettigte_fettsaeuren_g": 0,
        "kohlenhydrate_g": 18,
        "zucker_g": 12,
        "ballaststoffe_g": 4,
        "eiweiss_g": 4.5,
        "salz_g": 0.1
      },
      "portion": {
        "beschreibung": "",
        "energie_kj": null,
        "energie_kcal": null,
        "fett_g": null,
        "gesaettigte_fettsaeuren_g": null,
        "kohlenhydrate_g": null,
        "zucker_g": null,
        "ballaststoffe_g": null,
        "eiweiss_g": null,
        "salz_g": null
      },
      "vitamine": {},
      "mineralien": {},
      "quelle": "",
      "notizen": "Original-ID in BasisPantry52: FOOD-049"
    },
    {
      "id": "WUR-004",
      "name": "Misopaste, hell (Shiro Miso)",
      "alias": [
        "Miso"
      ],
      "hersteller": "",
      "naehrwerte": {
        "energie_kj": 770,
        "energie_kcal": 185,
        "fett_g": 6,
        "gesaettigte_fettsaeuren_g": 1,
        "kohlenhydrate_g": 25,
        "zucker_g": 12,
        "ballaststoffe_g": 2,
        "eiweiss_g": 12,
        "salz_g": 12
      },
      "portion": {
        "beschreibung": "",
        "energie_kj": null,
        "energie_kcal": null,
        "fett_g": null,
        "gesaettigte_fettsaeuren_g": null,
        "kohlenhydrate_g": null,
        "zucker_g": null,
        "ballaststoffe_g": null,
        "eiweiss_g": null,
        "salz_g": null
      },
      "vitamine": {},
      "mineralien": {},
      "quelle": "",
      "notizen": "Original-ID in BasisPantry52: FOOD-050"
    },
    {
      "id": "WUR-005",
      "name": "Paprikapulver, geräuchert",
      "alias": [
        "Smoked Paprika"
      ],
      "hersteller": "",
      "naehrwerte": {
        "energie_kj": 1230,
        "energie_kcal": 295,
        "fett_g": 13,
        "gesaettigte_fettsaeuren_g": 2,
        "kohlenhydrate_g": 34,
        "zucker_g": 10,
        "ballaststoffe_g": 21,
        "eiweiss_g": 14,
        "salz_g": 0.1
      },
      "portion": {
        "beschreibung": "",
        "energie_kj": null,
        "energie_kcal": null,
        "fett_g": null,
        "gesaettigte_fettsaeuren_g": null,
        "kohlenhydrate_g": null,
        "zucker_g": null,
        "ballaststoffe_g": null,
        "eiweiss_g": null,
        "salz_g": null
      },
      "vitamine": {},
      "mineralien": {},
      "quelle": "",
      "notizen": "Original-ID in BasisPantry52: FOOD-051"
    },
    {
      "id": "WUR-006",
      "name": "Gemüsebrühepulver, hefefrei",
      "alias": [
        "Brühe"
      ],
      "hersteller": "",
      "naehrwerte": {
        "energie_kj": 900,
        "energie_kcal": 215,
        "fett_g": 2,
        "gesaettigte_fettsaeuren_g": 1,
        "kohlenhydrate_g": 45,
        "zucker_g": 10,
        "ballaststoffe_g": 2,
        "eiweiss_g": 6,
        "salz_g": 50
      },
      "portion": {
        "beschreibung": "",
        "energie_kj": null,
        "energie_kcal": null,
        "fett_g": null,
        "gesaettigte_fettsaeuren_g": null,
        "kohlenhydrate_g": null,
        "zucker_g": null,
        "ballaststoffe_g": null,
        "eiweiss_g": null,
        "salz_g": null
      },
      "vitamine": {},
      "mineralien": {},
      "quelle": "",
      "notizen": "Original-ID in BasisPantry52: FOOD-052"
    }
  ],
  "[ENDE DER DATEI]": true
}