{
  "meta_hinweis_oben": "WICHTIG: Am Ende der Datei steht der Marker [ENDE DER DATEI]. Wenn er nicht erscheint, ist die Datei unvollständig geladen.",
  "module": "nutritionOS",
  "submodule": "lebensmittel_kategorie",
  "version": "1.0",
  "schema": "lebensmittel_kategorie_v1",
  "meta": {
    "version": "1.0",
    "beschreibung": "Gemüse und tiefgekühltes Gemüse.",
    "erstellt": "2025-12-07",
    "einheit": "pro 100 g oder pro 100 ml"
  },
  "produkte": [
    {
      "id": "GEM-001",
      "name": "Kartoffeln, festkochend, roh",
      "alias": [],
      "hersteller": "",
      "naehrwerte": {
        "energie_kj": 315,
        "energie_kcal": 75,
        "fett_g": 0.1,
        "gesaettigte_fettsaeuren_g": 0,
        "kohlenhydrate_g": 17,
        "zucker_g": 1,
        "ballaststoffe_g": 2,
        "eiweiss_g": 2,
        "salz_g": 0
      },
      "portion": {
        "beschreibung": "",
        "energie_kj": null,
        "energie_kcal": null,
        "fett_g": null,
        "gesaettigte_fettsaeuren_g": null,
        "kohlenhydrate_g": null,
        "zucker_g": null,
        "ballaststoffe_g": null,
        "eiweiss_g": null,
        "salz_g": null
      },
      "vitamine": {},
      "mineralien": {},
      "quelle": "",
      "notizen": "Original-ID in BasisPantry52: FOOD-009"
    },
    {
      "id": "GEM-002",
      "name": "Zwiebeln, gelb",
      "alias": [],
      "hersteller": "",
      "naehrwerte": {
        "energie_kj": 160,
        "energie_kcal": 38,
        "fett_g": 0.1,
        "gesaettigte_fettsaeuren_g": 0,
        "kohlenhydrate_g": 8.5,
        "zucker_g": 4.5,
        "ballaststoffe_g": 1.5,
        "eiweiss_g": 1,
        "salz_g": 0
      },
      "portion": {
        "beschreibung": "",
        "energie_kj": null,
        "energie_kcal": null,
        "fett_g": null,
        "gesaettigte_fettsaeuren_g": null,
        "kohlenhydrate_g": null,
        "zucker_g": null,
        "ballaststoffe_g": null,
        "eiweiss_g": null,
        "salz_g": null
      },
      "vitamine": {},
      "mineralien": {},
      "quelle": "",
      "notizen": "Original-ID in BasisPantry52: FOOD-017"
    },
    {
      "id": "GEM-003",
      "name": "Knoblauch",
      "alias": [],
      "hersteller": "",
      "naehrwerte": {
        "energie_kj": 600,
        "energie_kcal": 143,
        "fett_g": 0.5,
        "gesaettigte_fettsaeuren_g": 0.1,
        "kohlenhydrate_g": 28,
        "zucker_g": 1,
        "ballaststoffe_g": 2,
        "eiweiss_g": 6,
        "salz_g": 0
      },
      "portion": {
        "beschreibung": "",
        "energie_kj": null,
        "energie_kcal": null,
        "fett_g": null,
        "gesaettigte_fettsaeuren_g": null,
        "kohlenhydrate_g": null,
        "zucker_g": null,
        "ballaststoffe_g": null,
        "eiweiss_g": null,
        "salz_g": null
      },
      "vitamine": {},
      "mineralien": {},
      "quelle": "",
      "notizen": "Original-ID in BasisPantry52: FOOD-018"
    },
    {
      "id": "GEM-004",
      "name": "Karotten",
      "alias": [],
      "hersteller": "",
      "naehrwerte": {
        "energie_kj": 170,
        "energie_kcal": 41,
        "fett_g": 0.2,
        "gesaettigte_fettsaeuren_g": 0,
        "kohlenhydrate_g": 10,
        "zucker_g": 5,
        "ballaststoffe_g": 3,
        "eiweiss_g": 0.9,
        "salz_g": 0
      },
      "portion": {
        "beschreibung": "",
        "energie_kj": null,
        "energie_kcal": null,
        "fett_g": null,
        "gesaettigte_fettsaeuren_g": null,
        "kohlenhydrate_g": null,
        "zucker_g": null,
        "ballaststoffe_g": null,
        "eiweiss_g": null,
        "salz_g": null
      },
      "vitamine": {},
      "mineralien": {},
      "quelle": "",
      "notizen": "Original-ID in BasisPantry52: FOOD-019"
    },
    {
      "id": "GEM-005",
      "name": "Stangensellerie",
      "alias": [
        "Sellerie"
      ],
      "hersteller": "",
      "naehrwerte": {
        "energie_kj": 65,
        "energie_kcal": 16,
        "fett_g": 0.2,
        "gesaettigte_fettsaeuren_g": 0,
        "kohlenhydrate_g": 3,
        "zucker_g": 1.5,
        "ballaststoffe_g": 1.6,
        "eiweiss_g": 0.7,
        "salz_g": 0.05
      },
      "portion": {
        "beschreibung": "",
        "energie_kj": null,
        "energie_kcal": null,
        "fett_g": null,
        "gesaettigte_fettsaeuren_g": null,
        "kohlenhydrate_g": null,
        "zucker_g": null,
        "ballaststoffe_g": null,
        "eiweiss_g": null,
        "salz_g": null
      },
      "vitamine": {},
      "mineralien": {},
      "quelle": "",
      "notizen": "Original-ID in BasisPantry52: FOOD-020"
    },
    {
      "id": "GEM-006",
      "name": "Paprika, rot",
      "alias": [],
      "hersteller": "",
      "naehrwerte": {
        "energie_kj": 150,
        "energie_kcal": 37,
        "fett_g": 0.3,
        "gesaettigte_fettsaeuren_g": 0,
        "kohlenhydrate_g": 7,
        "zucker_g": 5,
        "ballaststoffe_g": 2,
        "eiweiss_g": 1,
        "salz_g": 0
      },
      "portion": {
        "beschreibung": "",
        "energie_kj": null,
        "energie_kcal": null,
        "fett_g": null,
        "gesaettigte_fettsaeuren_g": null,
        "kohlenhydrate_g": null,
        "zucker_g": null,
        "ballaststoffe_g": null,
        "eiweiss_g": null,
        "salz_g": null
      },
      "vitamine": {},
      "mineralien": {},
      "quelle": "",
      "notizen": "Original-ID in BasisPantry52: FOOD-021"
    },
    {
      "id": "GEM-007",
      "name": "Zucchini",
      "alias": [],
      "hersteller": "",
      "naehrwerte": {
        "energie_kj": 70,
        "energie_kcal": 17,
        "fett_g": 0.3,
        "gesaettigte_fettsaeuren_g": 0,
        "kohlenhydrate_g": 3,
        "zucker_g": 2,
        "ballaststoffe_g": 1,
        "eiweiss_g": 1.2,
        "salz_g": 0.01
      },
      "portion": {
        "beschreibung": "",
        "energie_kj": null,
        "energie_kcal": null,
        "fett_g": null,
        "gesaettigte_fettsaeuren_g": null,
        "kohlenhydrate_g": null,
        "zucker_g": null,
        "ballaststoffe_g": null,
        "eiweiss_g": null,
        "salz_g": null
      },
      "vitamine": {},
      "mineralien": {},
      "quelle": "",
      "notizen": "Original-ID in BasisPantry52: FOOD-022"
    },
    {
      "id": "GEM-008",
      "name": "Brokkoli",
      "alias": [],
      "hersteller": "",
      "naehrwerte": {
        "energie_kj": 140,
        "energie_kcal": 34,
        "fett_g": 0.4,
        "gesaettigte_fettsaeuren_g": 0,
        "kohlenhydrate_g": 7,
        "zucker_g": 1.7,
        "ballaststoffe_g": 3,
        "eiweiss_g": 3,
        "salz_g": 0.02
      },
      "portion": {
        "beschreibung": "",
        "energie_kj": null,
        "energie_kcal": null,
        "fett_g": null,
        "gesaettigte_fettsaeuren_g": null,
        "kohlenhydrate_g": null,
        "zucker_g": null,
        "ballaststoffe_g": null,
        "eiweiss_g": null,
        "salz_g": null
      },
      "vitamine": {},
      "mineralien": {},
      "quelle": "",
      "notizen": "Original-ID in BasisPantry52: FOOD-023"
    },
    {
      "id": "GEM-009",
      "name": "Lauch/Porree",
      "alias": [],
      "hersteller": "",
      "naehrwerte": {
        "energie_kj": 115,
        "energie_kcal": 28,
        "fett_g": 0.3,
        "gesaettigte_fettsaeuren_g": 0,
        "kohlenhydrate_g": 7,
        "zucker_g": 3,
        "ballaststoffe_g": 2,
        "eiweiss_g": 1,
        "salz_g": 0.02
      },
      "portion": {
        "beschreibung": "",
        "energie_kj": null,
        "energie_kcal": null,
        "fett_g": null,
        "gesaettigte_fettsaeuren_g": null,
        "kohlenhydrate_g": null,
        "zucker_g": null,
        "ballaststoffe_g": null,
        "eiweiss_g": null,
        "salz_g": null
      },
      "vitamine": {},
      "mineralien": {},
      "quelle": "",
      "notizen": "Original-ID in BasisPantry52: FOOD-024"
    },
    {
      "id": "GEM-010",
      "name": "Tomaten, frisch",
      "alias": [],
      "hersteller": "",
      "naehrwerte": {
        "energie_kj": 75,
        "energie_kcal": 18,
        "fett_g": 0.2,
        "gesaettigte_fettsaeuren_g": 0,
        "kohlenhydrate_g": 3,
        "zucker_g": 2.6,
        "ballaststoffe_g": 1,
        "eiweiss_g": 0.9,
        "salz_g": 0.01
      },
      "portion": {
        "beschreibung": "",
        "energie_kj": null,
        "energie_kcal": null,
        "fett_g": null,
        "gesaettigte_fettsaeuren_g": null,
        "kohlenhydrate_g": null,
        "zucker_g": null,
        "ballaststoffe_g": null,
        "eiweiss_g": null,
        "salz_g": null
      },
      "vitamine": {},
      "mineralien": {},
      "quelle": "",
      "notizen": "Original-ID in BasisPantry52: FOOD-025"
    },
    {
      "id": "GEM-011",
      "name": "Tomaten, stückig, Dose",
      "alias": [
        "Tomaten aus der Dose"
      ],
      "hersteller": "",
      "naehrwerte": {
        "energie_kj": 85,
        "energie_kcal": 20,
        "fett_g": 0.2,
        "gesaettigte_fettsaeuren_g": 0,
        "kohlenhydrate_g": 3.5,
        "zucker_g": 3,
        "ballaststoffe_g": 1,
        "eiweiss_g": 1,
        "salz_g": 0.1
      },
      "portion": {
        "beschreibung": "",
        "energie_kj": null,
        "energie_kcal": null,
        "fett_g": null,
        "gesaettigte_fettsaeuren_g": null,
        "kohlenhydrate_g": null,
        "zucker_g": null,
        "ballaststoffe_g": null,
        "eiweiss_g": null,
        "salz_g": null
      },
      "vitamine": {},
      "mineralien": {},
      "quelle": "",
      "notizen": "Original-ID in BasisPantry52: FOOD-026"
    },
    {
      "id": "GEM-012",
      "name": "TK-Spinat, gehackt",
      "alias": [],
      "hersteller": "",
      "naehrwerte": {
        "energie_kj": 90,
        "energie_kcal": 22,
        "fett_g": 0.4,
        "gesaettigte_fettsaeuren_g": 0.1,
        "kohlenhydrate_g": 1,
        "zucker_g": 0.5,
        "ballaststoffe_g": 2,
        "eiweiss_g": 3,
        "salz_g": 0.1
      },
      "portion": {
        "beschreibung": "",
        "energie_kj": null,
        "energie_kcal": null,
        "fett_g": null,
        "gesaettigte_fettsaeuren_g": null,
        "kohlenhydrate_g": null,
        "zucker_g": null,
        "ballaststoffe_g": null,
        "eiweiss_g": null,
        "salz_g": null
      },
      "vitamine": {},
      "mineralien": {},
      "quelle": "",
      "notizen": "Original-ID in BasisPantry52: FOOD-027"
    },
    {
      "id": "GEM-013",
      "name": "TK-Erbsen",
      "alias": [],
      "hersteller": "",
      "naehrwerte": {
        "energie_kj": 320,
        "energie_kcal": 76,
        "fett_g": 0.5,
        "gesaettigte_fettsaeuren_g": 0,
        "kohlenhydrate_g": 13,
        "zucker_g": 5,
        "ballaststoffe_g": 5,
        "eiweiss_g": 5,
        "salz_g": 0.01
      },
      "portion": {
        "beschreibung": "",
        "energie_kj": null,
        "energie_kcal": null,
        "fett_g": null,
        "gesaettigte_fettsaeuren_g": null,
        "kohlenhydrate_g": null,
        "zucker_g": null,
        "ballaststoffe_g": null,
        "eiweiss_g": null,
        "salz_g": null
      },
      "vitamine": {},
      "mineralien": {},
      "quelle": "",
      "notizen": "Original-ID in BasisPantry52: FOOD-028"
    },
    {
      "id": "GEM-014",
      "name": "Rucola",
      "alias": [
        "Rauke"
      ],
      "hersteller": "",
      "naehrwerte": {
        "energie_kj": 105,
        "energie_kcal": 25,
        "fett_g": 0.7,
        "gesaettigte_fettsaeuren_g": 0.1,
        "kohlenhydrate_g": 2,
        "zucker_g": 2,
        "ballaststoffe_g": 1.6,
        "eiweiss_g": 2.5,
        "salz_g": 0.03
      },
      "portion": {
        "beschreibung": "",
        "energie_kj": null,
        "energie_kcal": null,
        "fett_g": null,
        "gesaettigte_fettsaeuren_g": null,
        "kohlenhydrate_g": null,
        "zucker_g": null,
        "ballaststoffe_g": null,
        "eiweiss_g": null,
        "salz_g": null
      },
      "vitamine": {},
      "mineralien": {},
      "quelle": "",
      "notizen": "Original-ID in BasisPantry52: FOOD-029"
    },
    {
      "id": "GEM-015",
      "name": "Blattsalat, gemischt",
      "alias": [],
      "hersteller": "",
      "naehrwerte": {
        "energie_kj": 60,
        "energie_kcal": 14,
        "fett_g": 0.2,
        "gesaettigte_fettsaeuren_g": 0,
        "kohlenhydrate_g": 2,
        "zucker_g": 0.8,
        "ballaststoffe_g": 1,
        "eiweiss_g": 1.2,
        "salz_g": 0.02
      },
      "portion": {
        "beschreibung": "",
        "energie_kj": null,
        "energie_kcal": null,
        "fett_g": null,
        "gesaettigte_fettsaeuren_g": null,
        "kohlenhydrate_g": null,
        "zucker_g": null,
        "ballaststoffe_g": null,
        "eiweiss_g": null,
        "salz_g": null
      },
      "vitamine": {},
      "mineralien": {},
      "quelle": "",
      "notizen": "Original-ID in BasisPantry52: FOOD-030"
    }
  ],
  "[ENDE DER DATEI]": true
}