{
  "meta_hinweis_oben": "WICHTIG: Am Ende der Datei steht der Marker [ENDE DER DATEI]. Wenn er nicht erscheint, ist die Datei unvollständig geladen.",
  "module": "nutritionOS",
  "submodule": "lebensmittel_kategorie",
  "version": "1.0",
  "schema": "lebensmittel_kategorie_v1",
  "meta": {
    "version": "1.0",
    "beschreibung": "Getreide und stärkehaltige Kohlenhydratquellen.",
    "erstellt": "2025-12-07",
    "einheit": "pro 100 g oder pro 100 ml"
  },
  "produkte": [
    {
      "id": "GET-001",
      "name": "Haferflocken, zart",
      "alias": [
        "Hafer"
      ],
      "hersteller": "",
      "naehrwerte": {
        "energie_kj": 1550,
        "energie_kcal": 370,
        "fett_g": 7,
        "gesaettigte_fettsaeuren_g": 1,
        "kohlenhydrate_g": 60,
        "zucker_g": 1,
        "ballaststoffe_g": 10,
        "eiweiss_g": 13,
        "salz_g": 0
      },
      "portion": {
        "beschreibung": "",
        "energie_kj": null,
        "energie_kcal": null,
        "fett_g": null,
        "gesaettigte_fettsaeuren_g": null,
        "kohlenhydrate_g": null,
        "zucker_g": null,
        "ballaststoffe_g": null,
        "eiweiss_g": null,
        "salz_g": null
      },
      "vitamine": {},
      "mineralien": {},
      "quelle": "Standard-Schätzwert",
      "notizen": "Original-ID in BasisPantry52: FOOD-001"
    },
    {
      "id": "GET-002",
      "name": "Reis, weiß, trocken",
      "alias": [],
      "hersteller": "",
      "naehrwerte": {
        "energie_kj": 1500,
        "energie_kcal": 360,
        "fett_g": 0.5,
        "gesaettigte_fettsaeuren_g": 0.1,
        "kohlenhydrate_g": 79,
        "zucker_g": 0,
        "ballaststoffe_g": 1,
        "eiweiss_g": 6.5,
        "salz_g": 0
      },
      "portion": {
        "beschreibung": "",
        "energie_kj": null,
        "energie_kcal": null,
        "fett_g": null,
        "gesaettigte_fettsaeuren_g": null,
        "kohlenhydrate_g": null,
        "zucker_g": null,
        "ballaststoffe_g": null,
        "eiweiss_g": null,
        "salz_g": null
      },
      "vitamine": {},
      "mineralien": {},
      "quelle": "",
      "notizen": "Original-ID in BasisPantry52: FOOD-002"
    },
    {
      "id": "GET-003",
      "name": "Reis, Vollkorn, trocken",
      "alias": [],
      "hersteller": "",
      "naehrwerte": {
        "energie_kj": 1500,
        "energie_kcal": 360,
        "fett_g": 2.5,
        "gesaettigte_fettsaeuren_g": 0.5,
        "kohlenhydrate_g": 74,
        "zucker_g": 1,
        "ballaststoffe_g": 4,
        "eiweiss_g": 7.5,
        "salz_g": 0
      },
      "portion": {
        "beschreibung": "",
        "energie_kj": null,
        "energie_kcal": null,
        "fett_g": null,
        "gesaettigte_fettsaeuren_g": null,
        "kohlenhydrate_g": null,
        "zucker_g": null,
        "ballaststoffe_g": null,
        "eiweiss_g": null,
        "salz_g": null
      },
      "vitamine": {},
      "mineralien": {},
      "quelle": "",
      "notizen": "Original-ID in BasisPantry52: FOOD-003"
    },
    {
      "id": "GET-004",
      "name": "Pasta, Hartweizen, trocken",
      "alias": [
        "Nudeln"
      ],
      "hersteller": "",
      "naehrwerte": {
        "energie_kj": 1500,
        "energie_kcal": 360,
        "fett_g": 1.5,
        "gesaettigte_fettsaeuren_g": 0.3,
        "kohlenhydrate_g": 72,
        "zucker_g": 3,
        "ballaststoffe_g": 3,
        "eiweiss_g": 12,
        "salz_g": 0
      },
      "portion": {
        "beschreibung": "",
        "energie_kj": null,
        "energie_kcal": null,
        "fett_g": null,
        "gesaettigte_fettsaeuren_g": null,
        "kohlenhydrate_g": null,
        "zucker_g": null,
        "ballaststoffe_g": null,
        "eiweiss_g": null,
        "salz_g": null
      },
      "vitamine": {},
      "mineralien": {},
      "quelle": "",
      "notizen": "Original-ID in BasisPantry52: FOOD-004"
    },
    {
      "id": "GET-005",
      "name": "Pasta, Vollkorn, trocken",
      "alias": [],
      "hersteller": "",
      "naehrwerte": {
        "energie_kj": 1450,
        "energie_kcal": 350,
        "fett_g": 2,
        "gesaettigte_fettsaeuren_g": 0.4,
        "kohlenhydrate_g": 65,
        "zucker_g": 3,
        "ballaststoffe_g": 6,
        "eiweiss_g": 13,
        "salz_g": 0
      },
      "portion": {
        "beschreibung": "",
        "energie_kj": null,
        "energie_kcal": null,
        "fett_g": null,
        "gesaettigte_fettsaeuren_g": null,
        "kohlenhydrate_g": null,
        "zucker_g": null,
        "ballaststoffe_g": null,
        "eiweiss_g": null,
        "salz_g": null
      },
      "vitamine": {},
      "mineralien": {},
      "quelle": "",
      "notizen": "Original-ID in BasisPantry52: FOOD-005"
    },
    {
      "id": "GET-006",
      "name": "Couscous, trocken",
      "alias": [],
      "hersteller": "",
      "naehrwerte": {
        "energie_kj": 1500,
        "energie_kcal": 360,
        "fett_g": 1,
        "gesaettigte_fettsaeuren_g": 0.2,
        "kohlenhydrate_g": 73,
        "zucker_g": 1,
        "ballaststoffe_g": 3,
        "eiweiss_g": 12,
        "salz_g": 0
      },
      "portion": {
        "beschreibung": "",
        "energie_kj": null,
        "energie_kcal": null,
        "fett_g": null,
        "gesaettigte_fettsaeuren_g": null,
        "kohlenhydrate_g": null,
        "zucker_g": null,
        "ballaststoffe_g": null,
        "eiweiss_g": null,
        "salz_g": null
      },
      "vitamine": {},
      "mineralien": {},
      "quelle": "",
      "notizen": "Original-ID in BasisPantry52: FOOD-006"
    },
    {
      "id": "GET-007",
      "name": "Bulgur, trocken",
      "alias": [],
      "hersteller": "",
      "naehrwerte": {
        "energie_kj": 1420,
        "energie_kcal": 340,
        "fett_g": 1.5,
        "gesaettigte_fettsaeuren_g": 0.3,
        "kohlenhydrate_g": 70,
        "zucker_g": 1,
        "ballaststoffe_g": 8,
        "eiweiss_g": 12,
        "salz_g": 0
      },
      "portion": {
        "beschreibung": "",
        "energie_kj": null,
        "energie_kcal": null,
        "fett_g": null,
        "gesaettigte_fettsaeuren_g": null,
        "kohlenhydrate_g": null,
        "zucker_g": null,
        "ballaststoffe_g": null,
        "eiweiss_g": null,
        "salz_g": null
      },
      "vitamine": {},
      "mineralien": {},
      "quelle": "",
      "notizen": "Original-ID in BasisPantry52: FOOD-007"
    },
    {
      "id": "GET-008",
      "name": "Buchweizen, ganz, trocken",
      "alias": [],
      "hersteller": "",
      "naehrwerte": {
        "energie_kj": 1460,
        "energie_kcal": 348,
        "fett_g": 3,
        "gesaettigte_fettsaeuren_g": 0.6,
        "kohlenhydrate_g": 71,
        "zucker_g": 1,
        "ballaststoffe_g": 10,
        "eiweiss_g": 13,
        "salz_g": 0
      },
      "portion": {
        "beschreibung": "",
        "energie_kj": null,
        "energie_kcal": null,
        "fett_g": null,
        "gesaettigte_fettsaeuren_g": null,
        "kohlenhydrate_g": null,
        "zucker_g": null,
        "ballaststoffe_g": null,
        "eiweiss_g": null,
        "salz_g": null
      },
      "vitamine": {},
      "mineralien": {},
      "quelle": "",
      "notizen": "Original-ID in BasisPantry52: FOOD-008"
    },
    {
      "id": "GET-009",
      "name": "Reisnudeln, trocken",
      "alias": [],
      "hersteller": "",
      "naehrwerte": {
        "energie_kj": 1500,
        "energie_kcal": 360,
        "fett_g": 1,
        "gesaettigte_fettsaeuren_g": 0.3,
        "kohlenhydrate_g": 80,
        "zucker_g": 0,
        "ballaststoffe_g": 2,
        "eiweiss_g": 6,
        "salz_g": 0
      },
      "portion": {
        "beschreibung": "",
        "energie_kj": null,
        "energie_kcal": null,
        "fett_g": null,
        "gesaettigte_fettsaeuren_g": null,
        "kohlenhydrate_g": null,
        "zucker_g": null,
        "ballaststoffe_g": null,
        "eiweiss_g": null,
        "salz_g": null
      },
      "vitamine": {},
      "mineralien": {},
      "quelle": "",
      "notizen": "Original-ID in BasisPantry52: FOOD-010"
    }
  ],
  "[ENDE DER DATEI]": true
}