{
  "meta_hinweis_oben": "WICHTIG: Am Ende der Datei steht der Marker [ENDE DER DATEI]. Wenn er nicht erscheint, ist die Datei unvollständig geladen.",
  "module": "nutritionOS",
  "submodule": "lebensmittel_kategorie",
  "version": "1.0",
  "schema": "lebensmittel_kategorie_v1",
  "meta": {
    "version": "1.0",
    "beschreibung": "Pflanzliche Proteinquellen wie Tofu, Tempeh und Seitan.",
    "erstellt": "2025-12-07",
    "einheit": "pro 100 g oder pro 100 ml"
  },
  "produkte": [
    {
      "id": "PRO-001",
      "name": "Pflanzlicher Skyr / Quarkalternative",
      "alias": [
        "veganer Skyr"
      ],
      "hersteller": "",
      "naehrwerte": {
        "energie_kj": 220,
        "energie_kcal": 55,
        "fett_g": 0.4,
        "gesaettigte_fettsaeuren_g": 0.1,
        "kohlenhydrate_g": 3,
        "zucker_g": 2.5,
        "ballaststoffe_g": 0.2,
        "eiweiss_g": 8,
        "salz_g": 0.1
      },
      "portion": {
        "beschreibung": "",
        "energie_kj": null,
        "energie_kcal": null,
        "fett_g": null,
        "gesaettigte_fettsaeuren_g": null,
        "kohlenhydrate_g": null,
        "zucker_g": null,
        "ballaststoffe_g": null,
        "eiweiss_g": null,
        "salz_g": null
      },
      "vitamine": {},
      "mineralien": {},
      "quelle": "",
      "notizen": "Original-ID in BasisPantry52: FOOD-042"
    },
    {
      "id": "PRO-002",
      "name": "Tofu natur",
      "alias": [],
      "hersteller": "",
      "naehrwerte": {
        "energie_kj": 525,
        "energie_kcal": 125,
        "fett_g": 7,
        "gesaettigte_fettsaeuren_g": 1,
        "kohlenhydrate_g": 1.5,
        "zucker_g": 0.5,
        "ballaststoffe_g": 1,
        "eiweiss_g": 12,
        "salz_g": 0.02
      },
      "portion": {
        "beschreibung": "",
        "energie_kj": null,
        "energie_kcal": null,
        "fett_g": null,
        "gesaettigte_fettsaeuren_g": null,
        "kohlenhydrate_g": null,
        "zucker_g": null,
        "ballaststoffe_g": null,
        "eiweiss_g": null,
        "salz_g": null
      },
      "vitamine": {},
      "mineralien": {},
      "quelle": "",
      "notizen": "Original-ID in BasisPantry52: FOOD-043"
    },
    {
      "id": "PRO-003",
      "name": "Tofu geräuchert",
      "alias": [],
      "hersteller": "",
      "naehrwerte": {
        "energie_kj": 760,
        "energie_kcal": 180,
        "fett_g": 11,
        "gesaettigte_fettsaeuren_g": 2,
        "kohlenhydrate_g": 3,
        "zucker_g": 1,
        "ballaststoffe_g": 1,
        "eiweiss_g": 18,
        "salz_g": 1.2
      },
      "portion": {
        "beschreibung": "",
        "energie_kj": null,
        "energie_kcal": null,
        "fett_g": null,
        "gesaettigte_fettsaeuren_g": null,
        "kohlenhydrate_g": null,
        "zucker_g": null,
        "ballaststoffe_g": null,
        "eiweiss_g": null,
        "salz_g": null
      },
      "vitamine": {},
      "mineralien": {},
      "quelle": "",
      "notizen": "Original-ID in BasisPantry52: FOOD-044"
    },
    {
      "id": "PRO-004",
      "name": "Tempeh",
      "alias": [],
      "hersteller": "",
      "naehrwerte": {
        "energie_kj": 770,
        "energie_kcal": 185,
        "fett_g": 10,
        "gesaettigte_fettsaeuren_g": 2,
        "kohlenhydrate_g": 9,
        "zucker_g": 0.5,
        "ballaststoffe_g": 7,
        "eiweiss_g": 18,
        "salz_g": 0.01
      },
      "portion": {
        "beschreibung": "",
        "energie_kj": null,
        "energie_kcal": null,
        "fett_g": null,
        "gesaettigte_fettsaeuren_g": null,
        "kohlenhydrate_g": null,
        "zucker_g": null,
        "ballaststoffe_g": null,
        "eiweiss_g": null,
        "salz_g": null
      },
      "vitamine": {},
      "mineralien": {},
      "quelle": "",
      "notizen": "Original-ID in BasisPantry52: FOOD-045"
    },
    {
      "id": "PRO-005",
      "name": "Seitan",
      "alias": [],
      "hersteller": "",
      "naehrwerte": {
        "energie_kj": 420,
        "energie_kcal": 100,
        "fett_g": 1,
        "gesaettigte_fettsaeuren_g": 0.2,
        "kohlenhydrate_g": 4,
        "zucker_g": 0.5,
        "ballaststoffe_g": 0.5,
        "eiweiss_g": 19,
        "salz_g": 1
      },
      "portion": {
        "beschreibung": "",
        "energie_kj": null,
        "energie_kcal": null,
        "fett_g": null,
        "gesaettigte_fettsaeuren_g": null,
        "kohlenhydrate_g": null,
        "zucker_g": null,
        "ballaststoffe_g": null,
        "eiweiss_g": null,
        "salz_g": null
      },
      "vitamine": {},
      "mineralien": {},
      "quelle": "",
      "notizen": "Original-ID in BasisPantry52: FOOD-046"
    }
  ],
  "[ENDE DER DATEI]": true
}