{
  "meta_hinweis_oben": "WICHTIG: Am Ende der Datei steht der Marker [ENDE DER DATEI]. Wenn er nicht erscheint, ist die Datei unvollständig geladen.",
  "module": "nutritionOS",
  "submodule": "templates",
  "version": "0.9.0",
  "part_of": "MetaMemoryWorks",
  "author": "Johannes Glaser",
  "license": "MMW-Personal License v1",
  "schema": "nutritionOS_templates_v1",
  "beschreibung": "Templates für zentrale nutritionOS-Dateien (Ernährungslog, Lebensmittel-Kategoriedateien, Rezepte, Supplements). Diese Datei ist datenfrei und dient als Vorlage beim Anlegen neuer Logs oder Datenbanken.",
  "meta": {
    "datenfrei": true,
    "hinweis": "Diese Datei enthält nur Templates/Schemata. Sie wird nicht direkt als Log genutzt."
  },
  "globale_regeln": {
    "beschreibung": "Allgemeine Regeln für die Verwendung dieser Templates.",
    "assistant_instructions": [
      "1) TEMPLATE-INTEGRATION BEIM INITIALISIEREN:",
      "   - Wenn eines der Templates aus dieser Datei verwendet wird, um eine konkrete Log- oder Daten-Datei anzulegen (z. B. ernaehrungslog.json, nussmus.json, rezepte.json, supplements.json):",
      "       • Schreibe zunächst den üblichen Header/Meta-Block der Zieldatei.",
      "       • Direkt darunter wird das passende Template aus dieser Datei einmal als erster Eintrag in die Zieldatei übernommen.",
      "       • Erst danach folgen die tatsächlichen, 'echten' Einträge.",
      "   - Das Template dient als in-Datei-Dokumentation des Schemas und erleichtert spätere Schreibvorgänge.",
      "",
      "2) UMGANG MIT TEMPLATE-EINTRÄGEN:",
      "   - Beim Auswerten von Logs oder Datenbanken soll der Template-Eintrag als Schema-/Beispiel-Eintrag verstanden und nicht als realer Datensatz interpretiert werden.",
      "   - nutritionOS kann diesen Eintrag intern überspringen oder speziell markieren.",
      ""
    ]
  },
  "template_ernaehrungslog": {
    "beschreibung": "Template für ernaehrungslog.json – Tagesweise Einträge mit Bilanz.",
    "template": {
      "meta": {
        "schema": "ernaehrungslog_v1",
        "beschreibung": "Ernährungslog mit Tages-Einträgen, jeweils inkl. Makro-Bilanz, Pflanzenvielfalt und Obst/Gemüseportionen.",
        "letzte_vergebene_id": "LOG-000",
        "datum_letzter_eintrag": null,
        "notizen": ""
      },
      "eintraege": [
        {
          "id": "LOG-000",
          "datum": "TT-MM-JJJJ",
          "liste_von_eintraegen": [
            "Lebensmittel oder Mahlzeit (kcal, g Protein, g Fett, g Kohlenhydrate)"
          ],
          "summen_kcal": null,
          "summen_protein_g": null,
          "summen_fett_g": null,
          "summen_kohlenhydrate_g": null,
          "summen_ballaststoffe_g": null,
          "pflanzenvielfalt_heute": null,
          "obst_gemuese_portionen": null,
          "tdee_und_bilanz": {
            "tdee_kcal": null,
            "abweichung_kcal": null
          },
          "notizen": ""
        }
      ]
    }
  },
  "template_lebensmittel_kategorie": {
    "beschreibung": "Template für eine kategorisierte Lebensmittel-Datei (z. B. Nussmus, Joghurt, Pflanzenmilch, Kohlenhydrate, Shakes). Kann als Workaround-DB oder als eigenständige Kategorie-Datei genutzt werden.",
    "template": {
      "meta": {
        "version": "1.0",
        "beschreibung": "Datenbank für eine Lebensmittelkategorie (z. B. Nussmus, (Pflanzen-)Joghurt, (Pflanzen-)Milch, Shakes, Kohlenhydrate).",
        "erstellt": "TT-MM-JJJJ",
        "einheit": "pro 100 g oder pro 100 ml"
      },
      "produkte": [
        {
          "id": "XXX-001",
          "name": "Lebensmittelname",
          "alias": [
            "Alternativbezeichnung 1",
            "Alternativbezeichnung 2"
          ],
          "hersteller": "Herstellername (optional)",
          "naehrwerte": {
            "energie_kj": null,
            "energie_kcal": null,
            "fett_g": null,
            "gesaettigte_fettsaeuren_g": null,
            "kohlenhydrate_g": null,
            "zucker_g": null,
            "ballaststoffe_g": null,
            "eiweiss_g": null,
            "salz_g": null
          },
          "portion": {
            "beschreibung": "z. B. 1 Stück, 1 Becher, 1 Portion (optional)",
            "energie_kj": null,
            "energie_kcal": null,
            "fett_g": null,
            "gesaettigte_fettsaeuren_g": null,
            "kohlenhydrate_g": null,
            "zucker_g": null,
            "ballaststoffe_g": null,
            "eiweiss_g": null,
            "salz_g": null
          },
          "vitamine": {
            "beispiel_vitamin_1": null
          },
          "mineralien": {
            "beispiel_mineral_1": null
          },
          "quelle": "z. B. Produktetikett, Hersteller-Website",
          "notizen": ""
        }
      ]
    }
  },
  "template_rezepte": {
    "beschreibung": "Template für rezepte.json – Sammlung von Rezepten mit Zutaten, Zubereitung und Nährwerten.",
    "template": {
      "meta": {
        "schema": "rezepte_v1",
        "beschreibung": "Rezeptsammlung für nutritionOS.",
        "letzte_vergebene_id": "REC-000",
        "notizen": ""
      },
      "rezepte": [
        {
          "id": "REC-000",
          "name": "Rezeptname",
          "kategorie": "Hauptgericht / Snack / Frühstück / Dessert",
          "zutaten": [
            {
              "lebensmittel_ref": "Referenz auf Lebensmittel-Eintrag oder Freitext",
              "menge": null,
              "einheit": "g / ml / EL / TL / Stück"
            }
          ],
          "zubereitung": [
            "1. Schritt mit Mengenangaben zu den Zutaten.",
            "2. Weiterer Schritt der Zubereitung."
          ],
          "portionen": null,
          "naehrwerte_pro_portion": {
            "energie_kcal": null,
            "protein_g": null,
            "fett_g": null,
            "kohlenhydrate_g": null,
            "ballaststoffe_g": null
          },
          "notizen": ""
        }
      ]
    }
  },
  "template_supplements": {
    "beschreibung": "Template für supplements.json – optionale Erfassung von Nahrungsergänzungsmitteln.",
    "template": {
      "meta": {
        "schema": "supplements_v1",
        "beschreibung": "Supplement-Log zur Kontextualisierung von Ernährung und Training.",
        "letzte_vergebene_id": "SUP-000",
        "notizen": ""
      },
      "supplements": [
        {
          "id": "SUP-000",
          "name": "Supplementname",
          "dosis_pro_tag": null,
          "einheit": "IE / mg / g",
          "einnahmezeiten": [
            "morgens",
            "abends"
          ],
          "quelle": "z. B. Packungsangabe, ärztliche Empfehlung",
          "notizen": ""
        }
      ]
    }
  },
  "[ENDE DER DATEI]": true
}