{
  "meta_hinweis_oben": "WICHTIG: Am Ende der Datei steht der Marker [ENDE DER DATEI]. Wenn er nicht erscheint, ist die Datei unvollständig geladen.",
  "module": "nutritionOS",
  "submodule": "ernaehrungslog",
  "version": "0.9.0",
  "schema": "ernaehrungslog_v1",
  "meta": {
    "schema": "ernaehrungslog_v1",
    "beschreibung": "Ernährungslog mit Tages-Einträgen, jeweils inkl. Makro-Bilanz, Pflanzenvielfalt und Obst/Gemüseportionen.",
    "letzte_vergebene_id": "LOG-000",
    "datum_letzter_eintrag": null,
    "notizen": ""
  },
  "eintraege": [
    {
      "id": "LOG-000",
      "datum": "TT-MM-JJJJ",
      "liste_von_eintraegen": [
        "Lebensmittel oder Mahlzeit (kcal, g Protein, g Fett, g Kohlenhydrate)"
      ],
      "summen_kcal": null,
      "summen_protein_g": null,
      "summen_fett_g": null,
      "summen_kohlenhydrate_g": null,
      "summen_ballaststoffe_g": null,
      "pflanzenvielfalt_heute": null,
      "obst_gemuese_portionen": null,
      "tdee_und_bilanz": {
        "tdee_kcal": null,
        "abweichung_kcal": null
      },
      "notizen": ""
    }
  ],
  "[ENDE DER DATEI]": true
}