{
  "meta_hinweis_oben": "WICHTIG: Am Ende der Datei steht der Marker [ENDE DER DATEI]. Wenn er nicht erscheint, ist die Datei unvollständig geladen.",
  "module": "nutritionOS",
  "submodule": "supplements",
  "version": "0.9.0",
  "schema": "supplements_v1",
  "meta": {
    "schema": "supplements_v1",
    "beschreibung": "Supplement-Log zur Kontextualisierung von Ernährung und Training.",
    "letzte_vergebene_id": "SUP-000",
    "notizen": ""
  },
  "supplements": [
    {
      "id": "SUP-000",
      "name": "Supplementname",
      "dosis_pro_tag": null,
      "einheit": "IE / mg / g",
      "einnahmezeiten": [
        "morgens",
        "abends"
      ],
      "quelle": "z. B. Packungsangabe, ärztliche Empfehlung",
      "notizen": ""
    }
  ],
  "[ENDE DER DATEI]": true
}