{
  "meta_hinweis_oben": "WICHTIG: Am Ende der Datei steht der Marker [ENDE DER DATEI]. Wenn er nicht erscheint, ist die Datei unvollständig geladen.",
  "module": "nutritionOS",
  "submodule": "lebensmittel_db_free",
  "version": "0.9.0",
  "schema": "lebensmittel_db_free_v1",
  "beschreibung": "Konsolidierte Lebensmittel-Datenbank für Free-User, die nur bis zu 5 Dateien hochladen können. Diese Datei enthält ALLE Lebensmittel verschiedener Kategorien (z. B. (Pflanzen-)Joghurt, (Pflanzen-)Milch, Kohlenhydrate, Shakes, Nussmus) in einer gemeinsamen Struktur. Empfohlen für Free-User, während Plus-User mehrere getrennte Dateien verwenden.",
  "meta": {
    "datenfrei": false,
    "erstellt": null,
    "einheit_standard": "pro 100 g oder 100 ml"
  },
  "template_eintrag": {
    "id": "FOOD-000",
    "name": "Lebensmittelname",
    "kategorie": "(Pflanzen-)Joghurt / (Pflanzen-)Milch / Kohlenhydrate / Nussmus / Shake / Gemüse / Obst / ...",
    "alias": [
      "optional"
    ],
    "naehrwerte": {
      "energie_kj": null,
      "energie_kcal": null,
      "fett_g": null,
      "gesaettigte_fettsaeuren_g": null,
      "kohlenhydrate_g": null,
      "zucker_g": null,
      "ballaststoffe_g": null,
      "eiweiss_g": null,
      "salz_g": null
    },
    "quelle": "z. B. Produktetikett / Herstellerseite / manuelle Eingabe",
    "notizen": ""
  },
  "produkte": [
    {
      "id": "FOOD-000",
      "name": "TEMPLATE — bitte nicht als echtes Lebensmittel interpretieren",
      "kategorie": "template",
      "alias": [],
      "naehrwerte": {
        "energie_kj": null,
        "energie_kcal": null,
        "fett_g": null,
        "gesaettigte_fettsaeuren_g": null,
        "kohlenhydrate_g": null,
        "zucker_g": null,
        "ballaststoffe_g": null,
        "eiweiss_g": null,
        "salz_g": null
      },
      "quelle": "",
      "notizen": "Dies ist der Template-Eintrag; reale Lebensmittel werden unterhalb angehängt."
    }
  ],
  "[ENDE DER DATEI]": true
}