{
  "Vegetables": [
    {
      "id": "FOOD-008",
      "name": "Carrots",
      "category": "Vegetables",
      "requires_certification": false,
      "nutrients": {
        "energy_kj": 170,
        "energy_kcal": 41,
        "fat_g": 0.2,
        "saturated_fatty_acids_g": 0.0,
        "carbohydrates_g": 10.0,
        "sugar_g": 4.7,
        "fibre_g": 2.8,
        "protein_g": 0.9,
        "salt_g": 0.08
      }
    },
    {
      "id": "FOOD-009",
      "name": "Onions",
      "category": "Vegetables",
      "requires_certification": false,
      "nutrients": {
        "energy_kj": 166,
        "energy_kcal": 40,
        "fat_g": 0.1,
        "saturated_fatty_acids_g": 0.0,
        "carbohydrates_g": 9.3,
        "sugar_g": 4.2,
        "fibre_g": 1.7,
        "protein_g": 1.1,
        "salt_g": 0.01
      }
    },
    {
      "id": "FOOD-010",
      "name": "Broccoli (frozen)",
      "category": "Vegetables",
      "requires_certification": false,
      "nutrients": {
        "energy_kj": 141,
        "energy_kcal": 34,
        "fat_g": 0.4,
        "saturated_fatty_acids_g": 0.1,
        "carbohydrates_g": 7.0,
        "sugar_g": 1.7,
        "fibre_g": 3.0,
        "protein_g": 3.0,
        "salt_g": 0.02
      }
    },
    {
      "id": "FOOD-011",
      "name": "Mixed vegetables (frozen)",
      "category": "Vegetables",
      "requires_certification": false,
      "nutrients": {
        "energy_kj": 251,
        "energy_kcal": 60,
        "fat_g": 0.5,
        "saturated_fatty_acids_g": 0.1,
        "carbohydrates_g": 11.0,
        "sugar_g": 3.0,
        "fibre_g": 3.5,
        "protein_g": 3.0,
        "salt_g": 0.05
      }
    }
  ]
}