{
  "meta_notice_top": "IMPORTANT: At the end of the file you will find the marker [END OF FILE]. If it is missing, the file was not fully loaded.",
  "module": "nutritionOS",
  "submodule": "supplements",
  "version": "0.9.0",
  "schema": "supplements_v1",

  "meta": {
    "schema": "supplements_v1",
    "description": "Supplement log for contextualising nutrition and training.",
    "last_assigned_id": "SUP-000",
    "notes": ""
  },

  "supplements": [
    {
      "id": "SUP-000",
      "name": "Supplement name",
      "dose_per_day": null,
      "unit": "IU / mg / g",
      "intake_times": [
        "morning",
        "evening"
      ],
      "source": "e.g., product label, medical recommendation",
      "notes": ""
    }
  ],

  "[END OF FILE]": true
}

